id,name,name_normalized,large_category,mid_category,small_category,entry_type,aliases_raw,match_source
1,きゅうり,きゅうり,野菜類,うり類,うり類（未成熟）,crop,乙事赤うり,完全一致
3,なす,なす,野菜類,なす科果菜類,,crop,,完全一致
5,キャベツ,キャベツ,野菜類,葉菜類,結球あぶらな科葉菜類,crop,チリメンキャベツ、サボイキャベツ,完全一致
7,いちご,いちご,野菜類,,,crop,オランダイチゴ,完全一致
8,ケール,ケール,野菜類,葉菜類,非結球あぶらな科葉菜類,crop,ハゴロモカンラン、リョクヨウカンラン,完全一致
9,うめ,うめ,果樹類,核果類,小粒核果類,crop,,完全一致
10,茶,茶,その他の食用作物,,,crop,,手動分類
14,りんご,りんご,果樹類,仁果類,,crop,,完全一致
15,あぶらな科野菜(キャベツ、こまつなを除く),あぶらな科野菜(キャベツ、こまつなを除く),野菜類,その他野菜類,,exclusion_group,,ver3継承
21,こまつな,こまつな,野菜類,葉菜類,非結球あぶらな科葉菜類,crop,小松菜,完全一致
27,だいこん,だいこん,野菜類,根菜類,,crop,葉だいこん、だいこんな,完全一致
28,はくさい,はくさい,野菜類,葉菜類,結球あぶらな科葉菜類,crop,,完全一致
31,かぶ,かぶ,野菜類,根菜類,,crop,赤かぶ、赤菜、温海かぶ、稲核菜、大かぶ、鬼首菜、源助カブナ、こかぶ、小牛田菜、聖護院かぶ、酢茎菜（すぐきな）、長禅寺菜、津田かぶ、天王寺かぶ、鳴沢菜、羽広菜、ひのなかぶ（日野菜）、福島菜、紅かぶ、ゆるぎかぶ（万木かぶ）,完全一致
39,レタス,レタス,野菜類,葉菜類,レタス類,crop,クリスプヘッド型たまちしゃ,完全一致
46,非結球レタス(サラダ菜を除く),非結球レタス(サラダ菜を除く),野菜類,葉菜類,レタス類,exclusion_group,かきちしゃ（サンチュ、チマサンチュ）、サラダ菜、ロメインレタス、サニーレタス、フリルレタス,ベース一致
53,サラダ菜,サラダ菜,野菜類,葉菜類,,crop,,ver3継承
60,くきちしゃ,くきちしゃ,野菜類,茎野菜類,,crop,やまくらげ、トムシャ、ステムレタス,完全一致
67,ほうれんそう,ほうれんそう,野菜類,葉菜類,ヒユ科葉菜類,crop,,完全一致
78,うり科野菜(すいか、きゅうり、メロン、にがうり、うり類(漬物用)を除く),うり科野菜(すいか、きゅうり、メロン、にがうり、うり類(漬物用)を除く),野菜類,うり類,,exclusion_group,,ver3継承
86,漬物用メロン,漬物用メロン,野菜類,うり類,うり類（成熟）,crop,,完全一致
94,にがうり,にがうり,野菜類,うり類,うり類（未成熟）,crop,つるれいし,完全一致
102,うり類(漬物用、ただし、漬物用メロンを除く),うり類(漬物用、ただし、漬物用メロンを除く),野菜類,うり類,,exclusion_group,,ver3継承
120,メロン,メロン,野菜類,うり類,うり類（成熟）,crop,アールスメロン、アムスメロン、アンデスメロン,完全一致
130,かぼちゃ(かぼちゃ台を含む),かぼちゃ(かぼちゃ台を含む),野菜類,うり類,うり類（成熟）,sub_item,日本かぼちゃ、西洋かぼちゃ、ぺぽかぼちゃ（ズッキーニを除く）,ベース一致
133,すいか,すいか,野菜類,うり類,うり類（成熟）,crop,,完全一致
142,ピーマン,ピーマン,野菜類,なす科果菜類,ピーマン及びとうがらし類,crop,カラーピーマン、オランダパプリカ,完全一致
150,とうがらし類,とうがらし類,野菜類,なす科果菜類,,group,,ver3継承
158,トマト,トマト,野菜類,なす科果菜類,,crop,,完全一致
168,ミニトマト,ミニトマト,野菜類,なす科果菜類,,crop,,完全一致
194,アスパラガス,アスパラガス,野菜類,茎野菜類,,crop,,完全一致
201,セルリー,セルリー,野菜類,葉菜類,せり科葉菜類,crop,,完全一致
207,しょうが,しょうが,野菜類,根菜類,,crop,根しょうが,完全一致
209,うど,うど,野菜類,茎野菜類,,crop,,完全一致
211,にんじん,にんじん,野菜類,根菜類,,crop,金時にんじん、西洋にんじん、島にんじん,完全一致
219,ごぼう,ごぼう,野菜類,根菜類,,crop,,完全一致
225,かんしょ,かんしょ,野菜類,いも類,,crop,さつまいも、シモンいも,完全一致
233,さといも,さといも,野菜類,いも類,,crop,えびいも、たけのこいも、やつがしら、セレベス,完全一致
239,やまのいも,やまのいも,野菜類,いも類,,crop,やまといも、自然薯、丸いも、ながいも、とっくりいも、いせいも、いちょういも、つくねいも、だいじょ,完全一致
246,やまのいも(むかご),やまのいも(むかご),野菜類,いも類,,sub_item,やまといも、自然薯、丸いも、ながいも、とっくりいも、いせいも、いちょういも、つくねいも、だいじょ,ベース一致
253,ばれいしょ,ばれいしょ,野菜類,いも類,,crop,じゃがいも,完全一致
261,ねぎ,ねぎ,野菜類,鱗茎類,鱗茎類（葉物）,crop,九条ねぎ、加賀太ねぎ、千住ねぎ、やぐらねぎ、下仁田ねぎ、リーキ、わけねぎ、葉ねぎ,完全一致
269,あさつき,あさつき,野菜類,鱗茎類,鱗茎類（葉物）,crop,イトネギ、センボンワケギ,完全一致
277,わけぎ,わけぎ,野菜類,鱗茎類,鱗茎類（葉物）,crop,,完全一致
285,たまねぎ,たまねぎ,野菜類,鱗茎類,鱗茎類（根物）,crop,,完全一致
292,こんにゃく,こんにゃく,野菜類,いも類,,crop,,完全一致
301,パセリ,パセリ,野菜類,葉菜類,せり科葉菜類,crop,モスカールドパセリ、イタリアンパセリ,完全一致
303,にんにく,にんにく,野菜類,鱗茎類,鱗茎類（根物）,crop,ジャンボニンニク、エレファントガーリック、グレートヘッドガーリック,完全一致
305,薬用にんじん,薬用にんじん,野菜類,根菜類,,crop,おたねにんじん、チョウセンニンジン、コウライニンジン,完全一致
307,豆類(種実、ただし、いんげんまめ、えんどうまめを除く),豆類(種実、ただし、いんげんまめ、えんどうまめを除く),野菜類,豆類,,exclusion_group,,ver3継承
314,豆類(未成熟、ただし、さやいんげん、未成熟そらまめ、さやえんどう、実えんどうを除く),豆類(未成熟、ただし、さやいんげん、未成熟そらまめ、さやえんどう、実えんどうを除く),野菜類,豆類,,exclusion_group,,ver3継承
321,えんどうまめ,えんどうまめ,野菜類,豆類(種実),,crop,,完全一致
331,さやえんどう,さやえんどう,野菜類,豆類(未成熟),,crop,きぬさやえんどう、スナックえんどう、砂糖えんどう、スナップエンドウ,完全一致
341,実えんどう,実えんどう,野菜類,豆類(未成熟),,crop,うすいえんどう、グリーンピース,完全一致
351,いんげんまめ,いんげんまめ,野菜類,豆類(種実),,crop,いんげん、きんときまめ、とらまめ、うずらまめ,完全一致
359,さやいんげん,さやいんげん,野菜類,豆類(未成熟),,crop,ヒラザヤインゲン、モロッコインゲン,完全一致
367,未成熟そらまめ,未成熟そらまめ,野菜類,豆類(未成熟),,crop,,完全一致
374,てんさい,てんさい,野菜類,根菜類,,crop,サトウダイコン,完全一致
381,あま,あま,花き類・観葉植物,,,crop,,完全一致
387,麦類,麦類,穀類,麦類,,group,,ver3継承
393,とうもろこし,とうもろこし,穀類,雑穀類,,crop,,ver3継承
399,陸稲,陸稲,穀類,稲,,crop,,ver3継承
404,にら,にら,野菜類,鱗茎類,鱗茎類（葉物）,crop,黄にら,完全一致
405,みょうが(花穂),みょうが(花穂),野菜類,茎野菜類,,sub_item,,ver3継承
406,みょうが(茎葉),みょうが(茎葉),野菜類,茎野菜類,,sub_item,,ver3継承
407,オクラ,オクラ,野菜類,,,crop,,完全一致
408,ふき,ふき,野菜類,茎野菜類,ふき類,crop,,完全一致
409,花き類・観葉植物,花き類・観葉植物,花き類・観葉植物,切花類,,crop,,ver3継承
424,きく,きく,花き類・観葉植物,,,crop,,完全一致
426,カーネーション,カーネーション,花き類・観葉植物,,,crop,,完全一致
428,りんどう,りんどう,花き類・観葉植物,,,crop,,完全一致
429,しゃくやく,しゃくやく,花き類・観葉植物,,,crop,,完全一致
430,ぼたん,ぼたん,花き類・観葉植物,,,crop,,完全一致
431,百日草,百日草,花き類・観葉植物,,,crop,,完全一致
432,宿根かすみそう,宿根かすみそう,花き類・観葉植物,,,crop,,完全一致
433,トルコギキョウ,トルコギキョウ,花き類・観葉植物,,,crop,,完全一致
434,かんきつ(苗木),かんきつ(苗木),果樹類,かんきつ,,sub_item,,ver3継承
435,いちじく(苗木),いちじく(苗木),果樹類,,,sub_item,,ベース一致
437,桑,桑,その他の非食用作物,,,crop,,手動分類
438,たばこ,たばこ,その他の非食用作物,,,crop,たばこ（折裏マルチ栽培）,手動分類
449,果樹類,果樹類,果樹類,その他果樹類,,group,,ver3継承
454,落葉果樹,落葉果樹,果樹類,その他果樹類,,crop,,ver3継承
462,なし,なし,果樹類,仁果類,,crop,日本なし、西洋なし、中国なし,完全一致
463,もも,もも,果樹類,核果類,もも類,crop,,完全一致
467,すもも,すもも,果樹類,核果類,小粒核果類,crop,プラム、プルーン,完全一致
468,あんず,あんず,果樹類,核果類,小粒核果類,crop,アプリコット,完全一致
469,すぐり,すぐり,果樹類,ベリー類等の小粒果実類,ベリー類,crop,グースベリー,完全一致
470,くり,くり,果樹類,,,crop,,完全一致
471,かき,かき,果樹類,,,crop,,完全一致
473,みかん,みかん,果樹類,かんきつ,,crop,温州みかん、紀州みかん,完全一致
478,たらのき,たらのき,野菜類,,,crop,たらのめ,完全一致
486,びゃくしん,びゃくしん,樹木類,びゃくしん類,,crop,,ver3継承
487,まつ,まつ,樹木類,まつ類,,crop,,ver3継承
529,ぶどう,ぶどう,果樹類,ベリー類等の小粒果実類,,crop,小粒種ぶどう（デラウェア、シラガブドウ、やまぶどう）、大粒種ぶどう（巨峰系４倍体品種）,完全一致
549,うり類,うり類,野菜類,うり類,,group,,ver3継承
558,だいず,だいず,野菜類,豆類(種実),,crop,,完全一致
603,貯蔵穀物等,貯蔵穀物等,穀類,雑穀類,,crop,,ver3継承
604,薬液のつきにくい農作物等,薬液のつきにくい農作物等,適用地帯等,NULL,,crop,,ver3継承
605,かんきつ(なつみかんを除く),かんきつ(なつみかんを除く),果樹類,かんきつ,,exclusion_group,,ver3継承
636,おうとう,おうとう,果樹類,核果類,,crop,さくらんぼ,完全一致
642,びわ,びわ,果樹類,仁果類,,crop,,完全一致
644,稲,稲,穀類,,,crop,水稲（移植、直播）、陸稲,完全一致
658,あずき,あずき,野菜類,豆類(種実),,crop,大納言,完全一致
671,豆類(未成熟),豆類(未成熟),野菜類,豆類,,sub_item,,ver3継承
688,かぼちゃ,かぼちゃ,野菜類,うり類,うり類（成熟）,crop,日本かぼちゃ、西洋かぼちゃ、ぺぽかぼちゃ（ズッキーニを除く）,完全一致
691,うり類(漬物用),うり類(漬物用),野菜類,うり類,,sub_item,,ver3継承
705,カリフラワー,カリフラワー,野菜類,あぶらな科野菜(花蕾及び茎),はなやさい類,crop,はなやさい、さんごしょう、ロマネスコ、カリフローレ,完全一致
709,ブロッコリー,ブロッコリー,野菜類,あぶらな科野菜(花蕾及び茎),はなやさい類,crop,,完全一致
740,あしたば,あしたば,野菜類,葉菜類,せり科葉菜類,crop,,完全一致
741,食用ぎく,食用ぎく,野菜類,食用花,,crop,,完全一致
742,よもぎ,よもぎ,野菜類,葉菜類,レタス類以外のきく科葉菜類,crop,,完全一致
746,サルビア,サルビア,花き類・観葉植物,,,crop,,完全一致
747,マリーゴールド,マリーゴールド,花き類・観葉植物,,,crop,,完全一致
895,野ソが加害する農作物等,野ソが加害する農作物等,適用地帯等,NULL,,crop,,ver3継承
898,ミバエ類が加害する農作物,ミバエ類が加害する農作物,適用地帯等,NULL,,crop,,ver3継承
1048,キウイフルーツ,キウイフルーツ,果樹類,,,crop,,完全一致
1066,ほおずき,ほおずき,花き類・観葉植物,,,crop,,完全一致
1067,シクラメン,シクラメン,花き類・観葉植物,,,crop,シクラメン（施設栽培）,完全一致
1075,西洋芝(ベントグラス)(生産圃場),西洋芝(ベントグラス)(生産圃場),芝,西洋芝,,variant,,ver3継承
1076,水稲,水稲,穀類,,,crop,水稲（移植、直播）,完全一致
1083,水田作物(水田刈跡),水田作物(水田刈跡),適用地帯等,水田作物,,sub_item,,手動分類
1084,れんこん,れんこん,野菜類,,,crop,はす,完全一致
1085,野菜類,野菜類,野菜類,その他野菜類,,group,,ver3継承
1086,豆類(種実),豆類(種実),野菜類,豆類,,sub_item,,ver3継承
1087,いも類,いも類,野菜類,いも類,,group,,ver3継承
1130,はつかだいこん,はつかだいこん,野菜類,根菜類,,crop,廿日大根、ラディッシュ、二十日大根,完全一致
1199,かんきつ,かんきつ,果樹類,かんきつ,,crop,,ver3継承
1200,大粒種ぶどう(施設栽培),大粒種ぶどう(施設栽培),果樹類,ベリー類等の小粒果実類,,variant,,ver3継承
1201,ピーマン(施設栽培),ピーマン(施設栽培),野菜類,なす科果菜類,ピーマン及びとうがらし類,variant,カラーピーマン、オランダパプリカ,ベース一致
1204,らっかせい,らっかせい,野菜類,豆類(種実),,crop,なんきんまめ、ピーナッツ,完全一致
1207,きんせんか,きんせんか,花き類・観葉植物,,,crop,,完全一致
1356,ナメクジ類、カタツムリ類、アフリカマイマイが加害する農作物等,ナメクジ類、カタツムリ類、アフリカマイマイが加害する農作物等,適用地帯等,NULL,,crop,,ver3継承
1419,日本なし,日本なし,果樹類,仁果類,,crop,,ver3継承
1426,西洋なし,西洋なし,果樹類,仁果類,,crop,,ver3継承
1437,ネクタリン,ネクタリン,果樹類,核果類,もも類,crop,,完全一致
1446,小粒核果類(すももを除く),小粒核果類(すももを除く),果樹類,核果類,,exclusion_group,,ver3継承
1454,大粒種ぶどう,大粒種ぶどう,果樹類,ベリー類等の小粒果実類,,crop,,ver3継承
1483,しろうり,しろうり,野菜類,うり類,うり類（未成熟）,crop,あおうり、カリモリ、はぐらうり、青しまうり、くろうり、桂うり,完全一致
1495,なす(露地栽培),なす(露地栽培),野菜類,なす科果菜類,,variant,,ベース一致
1500,樹木類,樹木類,樹木類,その他樹木類,,group,,ver3継承
1672,小粒核果類,小粒核果類,果樹類,核果類,,group,,ver3継承
1692,ぺぽかぼちゃ(種子),ぺぽかぼちゃ(種子),野菜類,うり類,,sub_item,,ver3継承
1709,ごま,ごま,その他の食用作物,,,crop,,手動分類
1749,稲、麦、野菜、果樹等で展着しにくい作物,稲、麦、野菜、果樹等で展着しにくい作物,穀類,稲,,crop,,ver3継承
1750,比較的展着の容易な作物,比較的展着の容易な作物,適用地帯等,NULL,,crop,,ver3継承
1752,水田作物、畑作物(休耕田),水田作物、畑作物(休耕田),適用地帯等,NULL,,sub_item,,ver3継承
1780,稲(箱育苗),稲(箱育苗),穀類,,,variant,水稲（移植、直播）、陸稲,ベース一致
1781,麦類(大麦、小麦を除く),麦類(大麦、小麦を除く),穀類,麦類,,exclusion_group,,ver3継承
1788,大麦,大麦,穀類,麦類,,crop,二条種、六条種、はだか麦,完全一致
1795,小麦,小麦,穀類,麦類,,crop,,完全一致
1813,なし(有袋栽培),なし(有袋栽培),果樹類,仁果類,,variant,日本なし、西洋なし、中国なし,ベース一致
1822,なし(無袋栽培),なし(無袋栽培),果樹類,仁果類,,sub_item,日本なし、西洋なし、中国なし,ベース一致
1863,かんきつ(みかんを除く),かんきつ(みかんを除く),果樹類,かんきつ,,exclusion_group,,ver3継承
1882,小粒種ぶどう,小粒種ぶどう,果樹類,ベリー類等の小粒果実類,,crop,,ver3継承
1898,オリーブ,オリーブ,果樹類,,,crop,,完全一致
1899,オリーブ(葉),オリーブ(葉),果樹類,,,sub_item,,ベース一致
1900,いちょう(種子),いちょう(種子),樹木類,,,sub_item,,ベース一致
1948,豆類(種実、ただし、だいず、あずき、いんげんまめ、そらまめを除く),豆類(種実、ただし、だいず、あずき、いんげんまめ、そらまめを除く),野菜類,豆類,,exclusion_group,,ver3継承
1960,豆類(未成熟、ただし、えだまめ、さやいんげん、未成熟そらまめを除く),豆類(未成熟、ただし、えだまめ、さやいんげん、未成熟そらまめを除く),野菜類,豆類,,exclusion_group,,ver3継承
1966,えだまめ,えだまめ,野菜類,豆類(未成熟),,crop,,完全一致
1998,そらまめ,そらまめ,野菜類,豆類(種実),,crop,,完全一致
2011,モロヘイヤ,モロヘイヤ,野菜類,葉菜類,,crop,タイワンツナソ、シマツナソ,完全一致
2015,わらび,わらび,野菜類,茎野菜類,,crop,,完全一致
2016,らっきょう,らっきょう,野菜類,鱗茎類,鱗茎類（根物）,crop,らっきょう（エシャレット栽培）、らっきょう（エシャロット栽培）,完全一致
2020,せり,せり,野菜類,葉菜類,せり科葉菜類,crop,,完全一致
2026,まめ科牧草,まめ科牧草,飼料作物,牧草,,crop,赤クローバー、白クローバー、アルファルファ,完全一致
2032,いね科牧草,いね科牧草,飼料作物,牧草,,crop,オーチャードグラス、チモシー、イタリアンライグラス、トールフェスク、ペレニアルライグラス、バヒアグラス,完全一致
2039,飼料用とうもろこし,飼料用とうもろこし,飼料作物,,,crop,,完全一致
2040,セネガ,セネガ,薬用作物,,,crop,ヒロハセネガ,完全一致
2045,ばら,ばら,花き類・観葉植物,,,crop,,完全一致
2055,アスター,アスター,花き類・観葉植物,,,crop,,完全一致
2056,ソリダゴ,ソリダゴ,花き類・観葉植物,,,crop,,完全一致
2057,スターチス,スターチス,花き類・観葉植物,,,crop,,完全一致
2058,シネラリア,シネラリア,花き類・観葉植物,,,crop,,完全一致
2059,斑入りアマドコロ,斑入りアマドコロ,花き類・観葉植物,,,crop,,完全一致
2060,ききょう,ききょう,花き類・観葉植物,,,crop,,完全一致
2066,つつじ類,つつじ類,花き類・観葉植物,花木類,,group,,ver3継承
2068,せんりょう,せんりょう,樹木類,,,crop,,完全一致
2070,こでまり,こでまり,樹木類,,,crop,,完全一致
2071,しきみ,しきみ,樹木類,,,crop,,完全一致
2072,にしきぎ,にしきぎ,樹木類,,,crop,,完全一致
2073,しゃりんばい,しゃりんばい,樹木類,,,crop,,完全一致
2074,だいおうしょう,だいおうしょう,樹木類,まつ類,,crop,だいおうまつ,完全一致
2075,さかき,さかき,樹木類,,,crop,,完全一致
2077,さくら,さくら,樹木類,,,crop,,完全一致
2078,さんごじゅ,さんごじゅ,樹木類,,,crop,,完全一致
2079,げっきつ,げっきつ,樹木類,,,crop,,完全一致
2081,しちとうい,しちとうい,その他の非食用作物,,,crop,,手動分類
2082,芝,芝,芝,西洋芝,,crop,,ver3継承
3032,さとうきび,さとうきび,その他の食用作物,,,crop,,手動分類
3294,葉しょうが,葉しょうが,野菜類,根菜類,,crop,やなかしょうが、はじかみしょうが、筆ショウガ,完全一致
3345,せり科葉菜類(セルリーを除く),せり科葉菜類(セルリーを除く),野菜類,葉菜類,,exclusion_group,,ver3継承
3361,豆類(種実、ただし、いんげんまめを除く),豆類(種実、ただし、いんげんまめを除く),野菜類,豆類,,exclusion_group,,ver3継承
3404,ふき(ふきのとう),ふき(ふきのとう),野菜類,茎野菜類,ふき類,sub_item,,ベース一致
3406,みつば,みつば,野菜類,葉菜類,せり科葉菜類,crop,青みつば、切りみつば、根みつば,完全一致
3450,ストック,ストック,花き類・観葉植物,,,crop,,完全一致
3451,デルフィニウム,デルフィニウム,花き類・観葉植物,,,crop,,完全一致
3453,ゆり,ゆり,花き類・観葉植物,,,crop,,完全一致
4049,稲、麦、キャベツ、ねぎ等の展着しにくい作物,稲、麦、キャベツ、ねぎ等の展着しにくい作物,穀類,稲,,crop,,ver3継承
4050,果樹、はくさい、ばれいしょ、きゅうり等の展着の容易な作物,果樹、はくさい、ばれいしょ、きゅうり等の展着の容易な作物,果樹類,その他果樹類,,crop,,ver3継承
4209,まくわうり,まくわうり,野菜類,うり類,うり類（成熟）,crop,菊メロン、銀泉、金太郎、金俵、タイガーメロン、ニューメロン、悠紀メロン,完全一致
4230,豆類(種実、ただし、らっかせい、だいず、あずき、いんげんまめ、えんどうまめを除く),豆類(種実、ただし、らっかせい、だいず、あずき、いんげんまめ、えんどうまめを除く),野菜類,豆類,,exclusion_group,,ver3継承
4258,食用ゆり,食用ゆり,野菜類,鱗茎類,鱗茎類（根物）,crop,ゆりね,完全一致
4279,さるなし,さるなし,果樹類,,,crop,こくわ、香粋,完全一致
4334,キャベツ(春～夏播移植栽培),キャベツ(春～夏播移植栽培),野菜類,葉菜類,結球あぶらな科葉菜類,sub_item,チリメンキャベツ、サボイキャベツ,ベース一致
4414,ぶどう(ヒムロッドシードレスを除く2倍体米国系品種)[無核栽培],ぶどう(ヒムロッドシードレスを除く2倍体米国系品種)[無核栽培],果樹類,ベリー類等の小粒果実類,,exclusion_group,,ver3継承
4415,ぶどう(ヒムロッドシードレス),ぶどう(ヒムロッドシードレス),果樹類,ベリー類等の小粒果実類,,sub_item,小粒種ぶどう（デラウェア、シラガブドウ、やまぶどう）、大粒種ぶどう（巨峰系４倍体品種）,ベース一致
4416,ぶどう(デラウェア)[無核栽培],ぶどう(デラウェア)[無核栽培],果樹類,ベリー類等の小粒果実類,,sub_item,,ver3継承
4418,ぶどう(キャンベルアーリーを除く2倍体米国系品種)[有核栽培],ぶどう(キャンベルアーリーを除く2倍体米国系品種)[有核栽培],果樹類,ベリー類等の小粒果実類,,exclusion_group,,ver3継承
4419,ぶどう(キャンベルアーリー)[有核栽培],ぶどう(キャンベルアーリー)[有核栽培],果樹類,ベリー類等の小粒果実類,,sub_item,,ver3継承
4421,ぶどう(2倍体欧州系品種)[無核栽培],ぶどう(2倍体欧州系品種)[無核栽培],果樹類,ベリー類等の小粒果実類,,sub_item,,ver3継承
4424,ぶどう(ヒロハンブルグを除く2倍体欧州系品種)[有核栽培],ぶどう(ヒロハンブルグを除く2倍体欧州系品種)[有核栽培],果樹類,ベリー類等の小粒果実類,,exclusion_group,,ver3継承
4425,ぶどう(ヒロハンブルグ)[有核栽培],ぶどう(ヒロハンブルグ)[有核栽培],果樹類,ベリー類等の小粒果実類,,sub_item,,ver3継承
4426,ぶどう(キングデラ、ハニーシードレス、BKシードレスを除く3倍体品種),ぶどう(キングデラ、ハニーシードレス、BKシードレスを除く3倍体品種),果樹類,ベリー類等の小粒果実類,,exclusion_group,小粒種ぶどう（デラウェア、シラガブドウ、やまぶどう）、大粒種ぶどう（巨峰系４倍体品種）,ベース一致
4428,ぶどう(BKシードレス),ぶどう(BKシードレス),果樹類,ベリー類等の小粒果実類,,sub_item,小粒種ぶどう（デラウェア、シラガブドウ、やまぶどう）、大粒種ぶどう（巨峰系４倍体品種）,ベース一致
4430,ぶどう(キングデラ),ぶどう(キングデラ),果樹類,ベリー類等の小粒果実類,,sub_item,小粒種ぶどう（デラウェア、シラガブドウ、やまぶどう）、大粒種ぶどう（巨峰系４倍体品種）,ベース一致
4431,ぶどう(ハニーシードレス),ぶどう(ハニーシードレス),果樹類,ベリー類等の小粒果実類,,sub_item,小粒種ぶどう（デラウェア、シラガブドウ、やまぶどう）、大粒種ぶどう（巨峰系４倍体品種）,ベース一致
4432,ぶどう(サニールージュを除く巨峰系4倍体品種)[無核栽培],ぶどう(サニールージュを除く巨峰系4倍体品種)[無核栽培],果樹類,ベリー類等の小粒果実類,,exclusion_group,,ver3継承
4436,ぶどう(サニールージュ)[無核栽培],ぶどう(サニールージュ)[無核栽培],果樹類,ベリー類等の小粒果実類,,sub_item,,ver3継承
4441,ぶどう(巨峰)[有核栽培],ぶどう(巨峰)[有核栽培],果樹類,ベリー類等の小粒果実類,,sub_item,,ver3継承
4442,ぶどう(ルビーロマン)[有核栽培],ぶどう(ルビーロマン)[有核栽培],果樹類,ベリー類等の小粒果実類,,sub_item,,ver3継承
4443,ぶどう(ハニービーナス)[有核栽培],ぶどう(ハニービーナス)[有核栽培],果樹類,ベリー類等の小粒果実類,,sub_item,,ver3継承
4444,ぶどう(高尾),ぶどう(高尾),果樹類,ベリー類等の小粒果実類,,sub_item,小粒種ぶどう（デラウェア、シラガブドウ、やまぶどう）、大粒種ぶどう（巨峰系４倍体品種）,ベース一致
4445,ぶどう(ふくしずく),ぶどう(ふくしずく),果樹類,ベリー類等の小粒果実類,,sub_item,小粒種ぶどう（デラウェア、シラガブドウ、やまぶどう）、大粒種ぶどう（巨峰系４倍体品種）,ベース一致
4446,ぶどう(あづましずく),ぶどう(あづましずく),果樹類,ベリー類等の小粒果実類,,sub_item,小粒種ぶどう（デラウェア、シラガブドウ、やまぶどう）、大粒種ぶどう（巨峰系４倍体品種）,ベース一致
4447,かんきつ(苗木、ただし、温州みかんを除く),かんきつ(苗木、ただし、温州みかんを除く),果樹類,かんきつ,,exclusion_group,,ver3継承
4449,かんきつ(不知火、ぽんかん、かぼす、はるみ、ワシントンネーブル、日向夏、すだち、平兵衛酢、長門ユズキチ(無核)、温州みかん、きんかん、愛媛果試第28号、愛媛果試第48号、清見、カラを除く),かんきつ(不知火、ぽんかん、かぼす、はるみ、ワシントンネーブル、日向夏、すだち、平兵衛酢、長門ユズキチ(無核)、温州みかん、きんかん、愛媛果試第28号、愛媛果試第48号、清見、カラを除く),果樹類,かんきつ,,exclusion_group,,ver3継承
4454,不知火,不知火,果樹類,かんきつ,,crop,デコポン,完全一致
4460,はるみ,はるみ,果樹類,かんきつ,,crop,,完全一致
4466,愛媛果試第28号,愛媛果試第28号,果樹類,かんきつ,,crop,,ver3継承
4472,愛媛果試第48号,愛媛果試第48号,果樹類,かんきつ,,crop,,ver3継承
4476,ぽんかん,ぽんかん,果樹類,かんきつ,,crop,,完全一致
4482,長門ユズキチ(無核),長門ユズキチ(無核),果樹類,かんきつ,,sub_item,,ベース一致
4488,すだち,すだち,果樹類,かんきつ,,crop,,完全一致
4493,平兵衛酢,平兵衛酢,果樹類,かんきつ,,crop,,完全一致
4498,かぼす,かぼす,果樹類,かんきつ,,crop,,完全一致
4503,ワシントンネーブル,ワシントンネーブル,果樹類,かんきつ,,crop,,ver3継承
4507,日向夏,日向夏,果樹類,かんきつ,,crop,,完全一致
4511,清見,清見,果樹類,かんきつ,,crop,,完全一致
4517,カラ,カラ,果樹類,かんきつ,,crop,カラマンダリン,完全一致
4521,きんかん,きんかん,果樹類,かんきつ,,crop,ニンポウキンカン、マルキンカン,完全一致
4527,温州みかん(苗木),温州みかん(苗木),果樹類,かんきつ,,sub_item,,ver3継承
4530,温州みかん,温州みかん,果樹類,かんきつ,,crop,,ver3継承
4536,びわ(3倍体),びわ(3倍体),果樹類,仁果類,,sub_item,,ベース一致
4537,すもも(貴陽),すもも(貴陽),果樹類,核果類,小粒核果類,sub_item,プラム、プルーン,ベース一致
4539,アセロラ,アセロラ,果樹類,,,crop,,完全一致
4541,みつば(軟化栽培を除く),みつば(軟化栽培を除く),野菜類,葉菜類,せり科葉菜類,exclusion_group,青みつば、切りみつば、根みつば,ベース一致
4542,みつば(軟化栽培),みつば(軟化栽培),野菜類,葉菜類,せり科葉菜類,sub_item,青みつば、切りみつば、根みつば,ベース一致
4545,さやいんげん(矮性(促成又は半促成栽培)),さやいんげん(矮性(促成又は半促成栽培)),野菜類,豆類,,sub_item,,ver3継承
4546,しそ(花穂),しそ(花穂),野菜類,葉菜類,しそ科葉菜類,sub_item,おおば,ベース一致
4547,いちご(促成栽培),いちご(促成栽培),野菜類,,,sub_item,オランダイチゴ,ベース一致
4549,いちご(親株床),いちご(親株床),野菜類,,,sub_item,オランダイチゴ,ベース一致
4551,うど(春うど),うど(春うど),野菜類,茎野菜類,,sub_item,,ベース一致
4553,たらのき(促成栽培),たらのき(促成栽培),野菜類,,,sub_item,たらのめ,ベース一致
4556,畑わさび,畑わさび,野菜類,葉菜類,非結球あぶらな科葉菜類,crop,おかわさび,完全一致
4559,花き類(りんどうを除く),花き類(りんどうを除く),花き類・観葉植物,切花類,,exclusion_group,,ver3継承
4563,カラー(湿地栽培を除く),カラー(湿地栽培を除く),花き類・観葉植物,,,exclusion_group,,ベース一致
4567,アイリス,アイリス,花き類・観葉植物,,,crop,,完全一致
4569,プリムラ(マラコイデス),プリムラ(マラコイデス),花き類・観葉植物,,,sub_item,,ベース一致
4570,チューリップ(促成栽培),チューリップ(促成栽培),花き類・観葉植物,,,sub_item,,ベース一致
4571,スパティフィラム,スパティフィラム,花き類・観葉植物,,,crop,,完全一致
4572,みやこわすれ,みやこわすれ,花き類・観葉植物,,,crop,,完全一致
4574,しらん,しらん,花き類・観葉植物,,,crop,,完全一致
4575,アザレア,アザレア,樹木類,つつじ類,,crop,,完全一致
4576,さつき(施設栽培苗),さつき(施設栽培苗),樹木類,つつじ類,,variant,,ベース一致
4577,さくら(切り枝促成栽培),さくら(切り枝促成栽培),樹木類,,,sub_item,,ベース一致
4579,林木(すぎ、ひのき、メタセコイヤ等),林木(すぎ、ひのき、メタセコイヤ等),樹木類,その他樹木類,,sub_item,,ver3継承
4580,庭園樹(まさき、じんちょうげ、あおき等),庭園樹(まさき、じんちょうげ、あおき等),樹木類,その他樹木類,,sub_item,,ver3継承
4581,花き(きく、ゼラニウム等),花き(きく、ゼラニウム等),花き類・観葉植物,切花類,,sub_item,,ver3継承
4590,ズッキーニ,ズッキーニ,野菜類,うり類,うり類（未成熟）,crop,,完全一致
4591,まつ(伐倒木),まつ(伐倒木),樹木類,まつ類,,sub_item,,ver3継承
4593,ねぎ(春播露地栽培苗床),ねぎ(春播露地栽培苗床),野菜類,鱗茎類,鱗茎類（葉物）,variant,九条ねぎ、加賀太ねぎ、千住ねぎ、やぐらねぎ、下仁田ねぎ、リーキ、わけねぎ、葉ねぎ,ベース一致
4599,わけぎ(春播露地栽培苗床),わけぎ(春播露地栽培苗床),野菜類,鱗茎類,鱗茎類（葉物）,variant,,ベース一致
4603,いぬまき(伐倒木),いぬまき(伐倒木),樹木類,,,sub_item,,ベース一致
4605,あさつき(春播露地栽培苗床),あさつき(春播露地栽培苗床),野菜類,鱗茎類,鱗茎類（葉物）,variant,イトネギ、センボンワケギ,ベース一致
4609,すぎ(伐倒木),すぎ(伐倒木),樹木類,,,sub_item,,ベース一致
4610,たまねぎ(秋播露地栽培苗床),たまねぎ(秋播露地栽培苗床),野菜類,鱗茎類,鱗茎類（根物）,variant,,ベース一致
4612,うめ(伐倒木),うめ(伐倒木),果樹類,核果類,小粒核果類,sub_item,,ベース一致
4615,芝(目土用土消毒),芝(目土用土消毒),芝,西洋芝,,sub_item,,ver3継承
4616,さくら(伐倒木),さくら(伐倒木),樹木類,,,sub_item,,ベース一致
4618,すもも(伐倒木),すもも(伐倒木),果樹類,核果類,小粒核果類,sub_item,プラム、プルーン,ベース一致
4622,もも(伐倒木),もも(伐倒木),果樹類,核果類,もも類,sub_item,,ベース一致
4623,すぎ(は種床),すぎ(は種床),樹木類,,,sub_item,,ベース一致
4624,樹木類(枯損木),樹木類(枯損木),樹木類,その他樹木類,,sub_item,,ver3継承
4639,フリージア,フリージア,花き類・観葉植物,,,crop,,完全一致
4640,花き,花き,花き類・観葉植物,切花類,,crop,,ver3継承
4641,あかまつ,あかまつ,樹木類,まつ類,,crop,,完全一致
4642,すぎ,すぎ,樹木類,,,crop,,完全一致
4672,いぐさ,いぐさ,その他の非食用作物,,,crop,,手動分類
4679,日本芝,日本芝,芝,日本芝,,crop,,ver3継承
4681,水稲(刈取跡),水稲(刈取跡),穀類,,,variant,水稲（移植、直播）,ベース一致
4682,樹木等,樹木等,樹木類,その他樹木類,,crop,公園、庭園、堤とう、駐車場、道路、運動場、宅地、のり面、鉄道等,手動分類
4686,つばき類,つばき類,花き類・観葉植物,花木類,,group,,ver3継承
4689,プラタナス,プラタナス,樹木類,,,crop,,完全一致
5176,水田作物、畑作物等,水田作物、畑作物等,適用地帯等,NULL,,crop,,ver3継承
5181,穀物類、豆類、飼料、種子,穀物類、豆類、飼料、種子,飼料作物,その他飼料作物,,crop,,ver3継承
5188,とうもろこし(子実),とうもろこし(子実),穀類,雑穀類,,sub_item,,ver3継承
5192,食用ソルガム,食用ソルガム,穀類,イネ科雑穀類,,crop,もろこし、たかきび、こうりゃん,完全一致
5196,コーヒー豆、カカオ豆,コーヒー豆、カカオ豆,その他の食用作物,NULL,,crop,,ver3継承
5202,なたね,なたね,その他の食用作物,,,crop,,手動分類
5205,葉たばこ,葉たばこ,その他の非食用作物,NULL,,crop,,ver3継承
5274,非選択性除草剤の登録内容の作物,非選択性除草剤の登録内容の作物,適用地帯等,NULL,,crop,,ver3継承
5275,栽植用植物、果実、野菜、切花等,栽植用植物、果実、野菜、切花等,野菜類,その他野菜類,,crop,,ver3継承
5366,なばな類,なばな類,野菜類,葉菜類,非結球あぶらな科葉菜類,group,あさまこな（朝熊小菜）、あすっこ、アレッタ、おおさきな（大崎菜、芹田菜）、オータムポエム（アスパラ菜、愛味菜）、かきな（かき菜）、こまつな（なばな的栽培）、さいしん（菜芯）、なばな（なのはな、はなな）、のらぼうな（のらぼう菜）、はなっこりー,完全一致
5369,直播水稲,直播水稲,穀類,,,crop,水稲（直播）,完全一致
5372,麦類(小麦を除く),麦類(小麦を除く),穀類,麦類,,exclusion_group,,ver3継承
5377,あすっこ(移植栽培),あすっこ(移植栽培),野菜類,葉菜類,,variant,,ver3継承
5380,キャベツ(移植栽培),キャベツ(移植栽培),野菜類,葉菜類,結球あぶらな科葉菜類,variant,チリメンキャベツ、サボイキャベツ,ベース一致
5382,はくさい(移植栽培),はくさい(移植栽培),野菜類,葉菜類,結球あぶらな科葉菜類,variant,,ベース一致
5384,キャベツ(直播栽培),キャベツ(直播栽培),野菜類,葉菜類,結球あぶらな科葉菜類,variant,チリメンキャベツ、サボイキャベツ,ベース一致
5385,はくさい(直播栽培),はくさい(直播栽培),野菜類,葉菜類,結球あぶらな科葉菜類,variant,,ベース一致
5386,コリアンダー(葉),コリアンダー(葉),野菜類,葉菜類,,sub_item,,ver3継承
5388,レタス(露地栽培),レタス(露地栽培),野菜類,葉菜類,レタス類,variant,クリスプヘッド型たまちしゃ,ベース一致
5390,非結球レタス(露地栽培),非結球レタス(露地栽培),野菜類,葉菜類,レタス類,variant,かきちしゃ（サンチュ、チマサンチュ）、サラダ菜、ロメインレタス、サニーレタス、フリルレタス,ベース一致
5394,らっきょう(露地栽培),らっきょう(露地栽培),野菜類,鱗茎類,鱗茎類（根物）,variant,らっきょう（エシャレット栽培）、らっきょう（エシャロット栽培）,ベース一致
5395,トマト(露地栽培),トマト(露地栽培),野菜類,なす科果菜類,,variant,,ベース一致
5397,ミニトマト(露地栽培),ミニトマト(露地栽培),野菜類,なす科果菜類,,variant,,ベース一致
5399,ピーマン(露地栽培),ピーマン(露地栽培),野菜類,なす科果菜類,ピーマン及びとうがらし類,variant,カラーピーマン、オランダパプリカ,ベース一致
5401,とうがらし類(露地栽培),とうがらし類(露地栽培),野菜類,なす科果菜類,,variant,,ver3継承
5403,まくわうり(露地栽培(トンネル・マルチ栽培)),まくわうり(露地栽培(トンネル・マルチ栽培)),野菜類,うり類,,variant,,ver3継承
5405,すいか(トンネル・マルチ栽培),すいか(トンネル・マルチ栽培),野菜類,うり類,うり類（成熟）,sub_item,,ベース一致
5407,すいか(露地栽培),すいか(露地栽培),野菜類,うり類,うり類（成熟）,variant,,ベース一致
5408,漬物用すいか(トンネル・マルチ栽培),漬物用すいか(トンネル・マルチ栽培),野菜類,うり類,うり類（成熟）,sub_item,源吾兵衛西瓜,ベース一致
5409,メロン(露地栽培(トンネル・マルチ栽培)),メロン(露地栽培(トンネル・マルチ栽培)),野菜類,うり類,,variant,,ver3継承
5411,漬物用メロン(露地栽培(トンネル・マルチ栽培)),漬物用メロン(露地栽培(トンネル・マルチ栽培)),野菜類,うり類,,variant,,ver3継承
5413,しろうり(露地栽培),しろうり(露地栽培),野菜類,うり類,うり類（未成熟）,variant,あおうり、カリモリ、はぐらうり、青しまうり、くろうり、桂うり,ベース一致
5414,きゅうり(露地栽培(直播栽培)),きゅうり(露地栽培(直播栽培)),野菜類,うり類,,variant,,ver3継承
5415,きゅうり(露地栽培(移植栽培)),きゅうり(露地栽培(移植栽培)),野菜類,うり類,,variant,,ver3継承
5417,実えんどう(露地栽培),実えんどう(露地栽培),野菜類,豆類(未成熟),,variant,うすいえんどう、グリーンピース,ベース一致
5418,さやえんどう(露地栽培),さやえんどう(露地栽培),野菜類,豆類(未成熟),,variant,きぬさやえんどう、スナックえんどう、砂糖えんどう、スナップエンドウ,ベース一致
5419,さやいんげん(露地栽培),さやいんげん(露地栽培),野菜類,豆類(未成熟),,variant,ヒラザヤインゲン、モロッコインゲン,ベース一致
5421,さやいんげん(露地・マルチ栽培),さやいんげん(露地・マルチ栽培),野菜類,豆類(未成熟),,sub_item,ヒラザヤインゲン、モロッコインゲン,ベース一致
5422,だいこん(露地栽培),だいこん(露地栽培),野菜類,根菜類,,variant,葉だいこん、だいこんな,ベース一致
5423,はつかだいこん(露地栽培),はつかだいこん(露地栽培),野菜類,根菜類,,variant,廿日大根、ラディッシュ、二十日大根,ベース一致
5424,ごぼう(露地栽培),ごぼう(露地栽培),野菜類,根菜類,,variant,,ベース一致
5425,葉ごぼう(露地栽培),葉ごぼう(露地栽培),野菜類,葉菜類,レタス類以外のきく科葉菜類,variant,,ベース一致
5427,食用ききょう(根),食用ききょう(根),野菜類,食用花,,sub_item,,ver3継承
5431,たまねぎ(本畑),たまねぎ(本畑),野菜類,鱗茎類,鱗茎類（根物）,sub_item,,ベース一致
5448,なばな(移植栽培),なばな(移植栽培),野菜類,葉菜類,,variant,,ver3継承
5449,なばな類(直播栽培),なばな類(直播栽培),野菜類,葉菜類,非結球あぶらな科葉菜類,variant,あさまこな（朝熊小菜）、あすっこ、アレッタ、おおさきな（大崎菜、芹田菜）、オータムポエム（アスパラ菜、愛味菜）、かきな（かき菜）、こまつな（なばな的栽培）、さいしん（菜芯）、なばな（なのはな、はなな）、のらぼうな（のらぼう菜）、はなっこりー,ベース一致
5450,非結球あぶらな科葉菜類,非結球あぶらな科葉菜類,野菜類,葉菜類,,group,,ver3継承
5452,食用べにばな(花),食用べにばな(花),野菜類,食用花,,sub_item,,ver3継承
5454,べにばないんげん,べにばないんげん,野菜類,豆類(種実),,crop,はなまめ,完全一致
5456,ひまわり(種子),ひまわり(種子),花き類・観葉植物,,,sub_item,,ベース一致
5457,はなっこりー(移植栽培),はなっこりー(移植栽培),野菜類,あぶらな科野菜(花蕾及び茎),,variant,,ver3継承
5460,しゃくやく(薬用),しゃくやく(薬用),花き類・観葉植物,,,sub_item,,ベース一致
5466,ほうきぎ,ほうきぎ,野菜類,,,crop,とんぶり、ほうきぐさ,完全一致
5467,しそ,しそ,野菜類,葉菜類,しそ科葉菜類,crop,おおば,完全一致
5468,かのこそう,かのこそう,野菜類,根菜類,,crop,ハルオミナエシ,完全一致
5469,甘草,甘草,野菜類,根菜類,,crop,ウラルカンゾウ、スペインカンゾウ,完全一致
5471,こがねばな,こがねばな,薬用作物,,,crop,おうごん,完全一致
5472,まおう,まおう,薬用作物,NULL,,crop,,ver3継承
5474,ホップ,ホップ,その他の食用作物,,,crop,セイヨウカラハナソウ,手動分類
5475,べにばな,べにばな,花き類・観葉植物,,,crop,,完全一致
5476,ひまわり,ひまわり,花き類・観葉植物,,,crop,,完全一致
5478,チューリップ,チューリップ,花き類・観葉植物,,,crop,,完全一致
5480,すいせん,すいせん,花き類・観葉植物,,,crop,,完全一致
5481,きく(露地栽培),きく(露地栽培),花き類・観葉植物,,,variant,,ベース一致
5483,林木苗(すぎ・ひのき・あかまつ・からまつ(播種床)),林木苗(すぎ・ひのき・あかまつ・からまつ(播種床)),樹木類,その他樹木類,,sub_item,,ver3継承
5484,林木苗(すぎ・ひのき・あかまつ・からまつ(床替床)),林木苗(すぎ・ひのき・あかまつ・からまつ(床替床)),樹木類,その他樹木類,,sub_item,,ver3継承
5487,桑(本畑),桑(本畑),その他の非食用作物,,,sub_item,,手動分類
5488,桑(苗床),桑(苗床),その他の非食用作物,,,variant,,手動分類
5508,非結球レタス,非結球レタス,野菜類,葉菜類,レタス類,crop,かきちしゃ（サンチュ、チマサンチュ）、サラダ菜、ロメインレタス、サニーレタス、フリルレタス,完全一致
5519,はっか,はっか,野菜類,葉菜類,しそ科葉菜類,crop,ミント、スペアミント、ペパーミント、アップルミント,完全一致
5520,とうがん,とうがん,野菜類,うり類,うり類（未成熟）,crop,かもうり、冬瓜,完全一致
5530,開墾後に栽培する農作物等,開墾後に栽培する農作物等,適用地帯等,NULL,,crop,,ver3継承
5535,まつ類,まつ類,樹木類,まつ類,,group,,ver3継承
5539,からまつ,からまつ,樹木類,,,crop,,完全一致
5543,えぞまつ,えぞまつ,樹木類,,,crop,,完全一致
5547,とどまつ,とどまつ,樹木類,,,crop,とどまつ（苗木）,完全一致
5571,ぶな,ぶな,樹木類,,,crop,,完全一致
5575,かんば,かんば,樹木類,,,crop,,完全一致
5591,ひのき,ひのき,樹木類,,,crop,,完全一致
5611,水稲(水稲刈取跡),水稲(水稲刈取跡),穀類,,,variant,水稲（移植、直播）,ベース一致
5613,水稲(水田畦畔),水稲(水田畦畔),穀類,,,variant,水稲（移植、直播）,ベース一致
5630,水田作物(水田畦畔),水田作物(水田畦畔),適用地帯等,水田作物,,variant,,手動分類
5637,西洋芝(ケンタッキーブルーグラス),西洋芝(ケンタッキーブルーグラス),芝,西洋芝,,sub_item,,ver3継承
5654,アスパラガス(苗床),アスパラガス(苗床),野菜類,茎野菜類,,variant,,ベース一致
5655,アスパラガス(定植畑),アスパラガス(定植畑),野菜類,茎野菜類,,sub_item,,ベース一致
5659,日本芝(こうらいしば),日本芝(こうらいしば),芝,日本芝,,sub_item,,ver3継承
5660,日本芝(ひめこうらいしば),日本芝(ひめこうらいしば),芝,日本芝,,sub_item,,ver3継承
5727,水田作物(水稲刈取跡),水田作物(水稲刈取跡),適用地帯等,水田作物,,variant,,手動分類
5730,飼料用さとうきび,飼料用さとうきび,飼料作物,,,crop,,完全一致
5732,センチピードグラス,センチピードグラス,その他の非食用作物,,,crop,,手動分類
5927,なばな,なばな,野菜類,葉菜類,,crop,,ver3継承
5985,マンゴー,マンゴー,果樹類,,,crop,,完全一致
6182,移植水稲,移植水稲,穀類,,,crop,水稲（移植）,完全一致
6195,くわい,くわい,野菜類,,,crop,,完全一致
6198,晩柑類(はっさく、ぶんたんを除く),晩柑類(はっさく、ぶんたんを除く),果樹類,かんきつ,,exclusion_group,,ver3継承
6206,核果類(うめ、すももを除く),核果類(うめ、すももを除く),果樹類,核果類,,exclusion_group,,ver3継承
6211,いちじく,いちじく,果樹類,,,crop,,完全一致
6213,パイナップル,パイナップル,果樹類,,,crop,,完全一致
6215,適用農薬の登録内容の作物,適用農薬の登録内容の作物,適用地帯等,NULL,,crop,,ver3継承
6217,ブロッコリー(移植栽培),ブロッコリー(移植栽培),野菜類,あぶらな科野菜(花蕾及び茎),はなやさい類,variant,,ベース一致
6221,なばな(直播栽培),なばな(直播栽培),野菜類,葉菜類,,variant,,ver3継承
6222,みずな(直播栽培),みずな(直播栽培),野菜類,葉菜類,非結球あぶらな科葉菜類,variant,みずな（京菜、水菜、京水菜）、みぶな（壬生菜）,ベース一致
6224,レタス(トンネル・マルチ栽培),レタス(トンネル・マルチ栽培),野菜類,葉菜類,レタス類,sub_item,クリスプヘッド型たまちしゃ,ベース一致
6225,非結球レタス(トンネル・マルチ栽培),非結球レタス(トンネル・マルチ栽培),野菜類,葉菜類,レタス類,sub_item,かきちしゃ（サンチュ、チマサンチュ）、サラダ菜、ロメインレタス、サニーレタス、フリルレタス,ベース一致
6231,ゆうがお,ゆうがお,野菜類,うり類,うり類（未成熟）,crop,かんぴょう,完全一致
6238,かぼちゃ(トンネル・マルチ栽培),かぼちゃ(トンネル・マルチ栽培),野菜類,うり類,うり類（成熟）,sub_item,日本かぼちゃ、西洋かぼちゃ、ぺぽかぼちゃ（ズッキーニを除く）,ベース一致
6240,とうがん(露地栽培),とうがん(露地栽培),野菜類,うり類,うり類（未成熟）,variant,かもうり、冬瓜,ベース一致
6241,とうがん(トンネル栽培),とうがん(トンネル栽培),野菜類,うり類,うり類（未成熟）,sub_item,かもうり、冬瓜,ベース一致
6260,さといも(葉柄),さといも(葉柄),野菜類,いも類,,sub_item,えびいも、たけのこいも、やつがしら、セレベス,ベース一致
6268,さんしょう(葉),さんしょう(葉),果樹類,その他果樹類,,sub_item,,ver3継承
6286,たばこ(折衷マルチ栽培),たばこ(折衷マルチ栽培),その他の非食用作物,,,sub_item,たばこ（折裏マルチ栽培）,手動分類
6288,作物一般(つきにくい作物稲、麦、キャベツ、ねぎ等),作物一般(つきにくい作物稲、麦、キャベツ、ねぎ等),野菜類,その他野菜類,,sub_item,,ver3継承
6289,作物一般(果樹、はくさい、きゅうり、ばれいしょ等つきやすい作物),作物一般(果樹、はくさい、きゅうり、ばれいしょ等つきやすい作物),果樹類,その他果樹類,,sub_item,,ver3継承
6646,甘長とうがらし,甘長とうがらし,野菜類,なす科果菜類,ピーマン及びとうがらし類,crop,伏見とうがらし、万願寺とうがらし、三宝とうがらし、ひもとうがらし,完全一致
6673,花き類・観葉植物(きく、ばら、ペチュニア、スターチス、プリムラ、パンジーを除く),花き類・観葉植物(きく、ばら、ペチュニア、スターチス、プリムラ、パンジーを除く),花き類・観葉植物,切花類,,exclusion_group,,ver3継承
6690,ペチュニア,ペチュニア,花き類・観葉植物,,,crop,,完全一致
6699,プリムラ,プリムラ,花き類・観葉植物,,,crop,,完全一致
6703,パンジー,パンジー,花き類・観葉植物,,,crop,,完全一致
6707,樹木類(つつじ類を除く),樹木類(つつじ類を除く),樹木類,つつじ類,,exclusion_group,,ver3継承
6738,小粒核果類(うめ、すももを除く),小粒核果類(うめ、すももを除く),果樹類,核果類,,exclusion_group,,ver3継承
7191,林木,林木,樹木類,その他樹木類,,crop,,ver3継承
7193,開墾後に栽培する樹木類,開墾後に栽培する樹木類,樹木類,その他樹木類,,group,,ver3継承
7195,すぎ(地ごしらえ、下刈り),すぎ(地ごしらえ、下刈り),樹木類,,,sub_item,,ベース一致
7197,ひのき(地ごしらえ、下刈り),ひのき(地ごしらえ、下刈り),樹木類,,,sub_item,,ベース一致
7200,除草剤の登録内容の作物,除草剤の登録内容の作物,適用地帯等,NULL,,crop,,ver3継承
7203,てんさい(ALS阻害剤耐性),てんさい(ALS阻害剤耐性),野菜類,根菜類,,variant,サトウダイコン,ベース一致
7204,てんさい(移植栽培),てんさい(移植栽培),野菜類,根菜類,,variant,サトウダイコン,ベース一致
7205,てんさい(直播栽培),てんさい(直播栽培),野菜類,根菜類,,variant,サトウダイコン,ベース一致
7230,稲(折衷苗代),稲(折衷苗代),穀類,,,sub_item,水稲（移植、直播）、陸稲,ベース一致
7232,稲(畑苗代),稲(畑苗代),穀類,,,sub_item,水稲（移植、直播）、陸稲,ベース一致
7252,みずな,みずな,野菜類,葉菜類,非結球あぶらな科葉菜類,crop,みずな（京菜、水菜、京水菜）、みぶな（壬生菜）,完全一致
7253,みぶな,みぶな,野菜類,葉菜類,,crop,,ver3継承
7263,林木(苗木),林木(苗木),樹木類,その他樹木類,,sub_item,,ver3継承
7264,西洋芝(ベントグラス),西洋芝(ベントグラス),芝,西洋芝,,sub_item,,ver3継承
7330,ブルーベリー,ブルーベリー,果樹類,ベリー類等の小粒果実類,ベリー類,crop,,完全一致
7375,豆類(種実、ただし、だいず、あずき、いんげんまめ、らっかせいを除く),豆類(種実、ただし、だいず、あずき、いんげんまめ、らっかせいを除く),野菜類,豆類,,exclusion_group,,ver3継承
7399,豆類(未成熟、ただし、えだまめ、さやえんどう、実えんどうを除く),豆類(未成熟、ただし、えだまめ、さやえんどう、実えんどうを除く),野菜類,豆類,,exclusion_group,,ver3継承
7415,葉たまねぎ,葉たまねぎ,野菜類,鱗茎類,鱗茎類（根物）,crop,葉玉葱,完全一致
7460,未成熟とうもろこし,未成熟とうもろこし,穀類,とうもろこし,,crop,スィートコーン,完全一致
7462,ヤングコーン,ヤングコーン,野菜類,,,crop,ベビーコーン,完全一致
7467,非結球あぶらな科葉菜類(こまつな、みずな、ケール、ひろしまなを除く),非結球あぶらな科葉菜類(こまつな、みずな、ケール、ひろしまなを除く),野菜類,葉菜類,,exclusion_group,,ver3継承
7478,ひろしまな,ひろしまな,野菜類,葉菜類,非結球あぶらな科葉菜類,crop,,手動分類
7486,なばな類(はなっこりー、なばなを除く),なばな類(はなっこりー、なばなを除く),野菜類,葉菜類,非結球あぶらな科葉菜類,exclusion_group,あさまこな（朝熊小菜）、あすっこ、アレッタ、おおさきな（大崎菜、芹田菜）、オータムポエム（アスパラ菜、愛味菜）、かきな（かき菜）、こまつな（なばな的栽培）、さいしん（菜芯）、なばな（なのはな、はなな）、のらぼうな（のらぼう菜）、はなっこりー,ベース一致
7489,はなっこりー,はなっこりー,野菜類,あぶらな科野菜(花蕾及び茎),,crop,,ver3継承
7502,もりあざみ,もりあざみ,野菜類,根菜類,,crop,やまごぼう、ごぼうあざみ,完全一致
7504,葉にんにく,葉にんにく,野菜類,鱗茎類,鱗茎類（根物）,crop,,完全一致
7505,ははこぐさ,ははこぐさ,野菜類,葉菜類,レタス類以外のきく科葉菜類,crop,ごぎょう、おぎょう,完全一致
7506,なずな,なずな,野菜類,葉菜類,非結球あぶらな科葉菜類,crop,,完全一致
7507,はこべ,はこべ,野菜類,葉菜類,,crop,こはこべ、みどりはこべ,完全一致
7508,こおにたびらこ,こおにたびらこ,野菜類,葉菜類,レタス類以外のきく科葉菜類,crop,,完全一致
7514,飼料用とうもろこし(子実),飼料用とうもろこし(子実),飼料作物,,,sub_item,,ベース一致
7516,飼料用とうもろこし(青刈り),飼料用とうもろこし(青刈り),飼料作物,,,sub_item,,ベース一致
7524,せり科葉菜類(せりを除く),せり科葉菜類(せりを除く),野菜類,葉菜類,,exclusion_group,,ver3継承
7574,野菜類(いも類を除く),野菜類(いも類を除く),野菜類,いも類,,exclusion_group,,ver3継承
7577,飼料作物,飼料作物,飼料作物,その他飼料作物,,crop,,ver3継承
7584,マルメロ,マルメロ,果樹類,仁果類,,crop,,完全一致
7588,くるみ,くるみ,果樹類,,,crop,,完全一致
7591,パパイヤ,パパイヤ,果樹類,,,crop,青パパイヤ,完全一致
7635,花き類・観葉植物(ばら、りんどう、せんにちこう、コスモス、ひまわり、シネラリア、スイトピー、みやこわすれ、アンスリウム、斑入りアマドコロを除く),花き類・観葉植物(ばら、りんどう、せんにちこう、コスモス、ひまわり、シネラリア、スイトピー、みやこわすれ、アンスリウム、斑入りアマドコロを除く),花き類・観葉植物,切花類,,exclusion_group,,ver3継承
7646,せんにちこう,せんにちこう,花き類・観葉植物,,,crop,,完全一致
7650,コスモス,コスモス,花き類・観葉植物,,,crop,,完全一致
7663,スイトピー,スイトピー,花き類・観葉植物,,,crop,,完全一致
7671,アンスリウム,アンスリウム,花き類・観葉植物,,,crop,,完全一致
7680,ゆきやなぎ,ゆきやなぎ,樹木類,,,crop,,完全一致
7697,せんきゅう,せんきゅう,薬用作物,,,crop,,完全一致
7698,とうき,とうき,薬用作物,,,crop,,完全一致
7794,稲(湛水直播),稲(湛水直播),穀類,,,variant,水稲（移植、直播）、陸稲,ベース一致
7815,はとむぎ,はとむぎ,穀類,イネ科雑穀類,,crop,,完全一致
7828,のざわな,のざわな,野菜類,葉菜類,非結球あぶらな科葉菜類,crop,野沢菜,完全一致
7831,いちご(子苗床),いちご(子苗床),野菜類,,,sub_item,オランダイチゴ,ベース一致
7832,いちご(本圃),いちご(本圃),野菜類,,,sub_item,オランダイチゴ,ベース一致
7833,いちご(施設栽培),いちご(施設栽培),野菜類,,,variant,オランダイチゴ,ベース一致
7837,さとうきび(株出),さとうきび(株出),その他の食用作物,,,sub_item,,手動分類
7838,さとうきび(春植又は夏植),さとうきび(春植又は夏植),その他の食用作物,,,sub_item,,手動分類
7840,ソルガム,ソルガム,飼料作物,,,crop,スーダングラス,完全一致
7842,たばこ(無被覆栽培),たばこ(無被覆栽培),その他の非食用作物,,,sub_item,たばこ（折裏マルチ栽培）,手動分類
7843,たばこ(普通畦面被覆栽培),たばこ(普通畦面被覆栽培),その他の非食用作物,,,sub_item,たばこ（折裏マルチ栽培）,手動分類
7892,とどまつ(下刈り),とどまつ(下刈り),樹木類,,,sub_item,とどまつ（苗木）,ベース一致
7893,からまつ(下刈り),からまつ(下刈り),樹木類,,,sub_item,,ベース一致
7895,ぶな(地ごしらえ、下刈り),ぶな(地ごしらえ、下刈り),樹木類,,,sub_item,,ベース一致
8151,稲、麦、キャベツ等の薬液のつきにくい作物,稲、麦、キャベツ等の薬液のつきにくい作物,穀類,稲,,crop,,ver3継承
8152,はくさい、きゅうり、ばれいしょ、果樹等の薬液のつきやすい作物,はくさい、きゅうり、ばれいしょ、果樹等の薬液のつきやすい作物,果樹類,その他果樹類,,crop,,ver3継承
8164,レタス(春播移植栽培),レタス(春播移植栽培),野菜類,葉菜類,レタス類,variant,クリスプヘッド型たまちしゃ,ベース一致
8166,非結球レタス(春播移植栽培),非結球レタス(春播移植栽培),野菜類,葉菜類,レタス類,variant,かきちしゃ（サンチュ、チマサンチュ）、サラダ菜、ロメインレタス、サニーレタス、フリルレタス,ベース一致
8168,すぎ(床替床),すぎ(床替床),樹木類,,,sub_item,,ベース一致
8169,ひのき(床替床),ひのき(床替床),樹木類,,,sub_item,,ベース一致
8170,えぞまつ(床替床),えぞまつ(床替床),樹木類,,,sub_item,,ベース一致
8171,とどまつ(床替床),とどまつ(床替床),樹木類,,,sub_item,とどまつ（苗木）,ベース一致
8187,ひえ,ひえ,穀類,イネ科雑穀類,,crop,,完全一致
8198,まこもたけ,まこもたけ,野菜類,,,crop,まこも,完全一致
8205,小麦(秋播),小麦(秋播),穀類,麦類,,variant,,ベース一致
8224,食用亜麻,食用亜麻,その他の食用作物,,,crop,,手動分類
8225,うこん,うこん,野菜類,根菜類,,crop,秋ウコン、キョウオウ、春ウコン,完全一致
8231,あま(単作),あま(単作),花き類・観葉植物,,,sub_item,,ベース一致
8432,かりん,かりん,果樹類,仁果類,,crop,,完全一致
8467,あけび(果実),あけび(果実),野菜類,その他野菜類,,sub_item,,ver3継承
8470,りんご(苗木),りんご(苗木),果樹類,仁果類,,sub_item,,ベース一致
8471,なし(苗木),なし(苗木),果樹類,仁果類,,sub_item,日本なし、西洋なし、中国なし,ベース一致
8472,もも(苗木),もも(苗木),果樹類,核果類,もも類,sub_item,,ベース一致
8473,桑(苗木),桑(苗木),その他の非食用作物,,,sub_item,,手動分類
8537,みしまさいこ,みしまさいこ,薬用作物,,,crop,,完全一致
8602,ししとう,ししとう,野菜類,なす科果菜類,ピーマン及びとうがらし類,crop,ししとうがらし、獅子唐、葵ししとう,完全一致
8623,さくらそう,さくらそう,花き類・観葉植物,,,crop,,完全一致
8625,けいとう,けいとう,花き類・観葉植物,,,crop,,完全一致
8632,観賞用アスパラガス,観賞用アスパラガス,花き類・観葉植物,,,crop,,完全一致
8633,花き類・観葉植物(トルコギキョウを除く),花き類・観葉植物(トルコギキョウを除く),花き類・観葉植物,切花類,,exclusion_group,,ver3継承
8649,たばこ(苗床),たばこ(苗床),その他の非食用作物,,,variant,たばこ（折裏マルチ栽培）,手動分類
9165,稲、キャベツ、ねぎ類、さといも等の薬液のつきにくい作物,稲、キャベツ、ねぎ類、さといも等の薬液のつきにくい作物,穀類,稲,,crop,,ver3継承
9166,果樹、野菜等の薬液のつきやすい作物,果樹、野菜等の薬液のつきやすい作物,野菜類,その他野菜類,,crop,,ver3継承
9191,まめつげ,まめつげ,樹木類,その他樹木類,,crop,,ver3継承
9192,いぬつげ,いぬつげ,樹木類,,,crop,まめつげ,完全一致
9195,桑(新梢),桑(新梢),その他の非食用作物,,,sub_item,,手動分類
9198,ベゴニア,ベゴニア,花き類・観葉植物,,,crop,,完全一致
9199,りんご(台木),りんご(台木),果樹類,仁果類,,sub_item,,ベース一致
9203,桑(古条),桑(古条),その他の非食用作物,,,sub_item,,手動分類
9209,かいづかいぶき,かいづかいぶき,樹木類,びゃくしん類,,crop,,完全一致
9210,きんぽうじゅ,きんぽうじゅ,樹木類,,,crop,,完全一致
9213,どうだんつつじ,どうだんつつじ,樹木類,,,crop,,完全一致
9215,ヒマラヤシーダ,ヒマラヤシーダ,花き類・観葉植物,花木類,,crop,,ver3継承
9222,樹木類(すぎ、ひのき、いぬつげ、かいづかいぶき、きんぽうじゅ、つつじ類、どうだんつつじ、ヒマラヤシーダを除く),樹木類(すぎ、ひのき、いぬつげ、かいづかいぶき、きんぽうじゅ、つつじ類、どうだんつつじ、ヒマラヤシーダを除く),樹木類,つつじ類,,exclusion_group,,ver3継承
9224,花き類・観葉植物(カーネーション、きく及びチューリップを除く),花き類・観葉植物(カーネーション、きく及びチューリップを除く),花き類・観葉植物,切花類,,exclusion_group,,ver3継承
9230,かんきつ(温州みかん、長門ユズキチ(無核)、すだち、平兵衛酢、かぼすを除く),かんきつ(温州みかん、長門ユズキチ(無核)、すだち、平兵衛酢、かぼすを除く),果樹類,かんきつ,,exclusion_group,,ver3継承
9255,パッションフルーツ,パッションフルーツ,果樹類,,,crop,くだものとけいそう,完全一致
9256,アテモヤ,アテモヤ,果樹類,,,crop,,完全一致
9257,レイシ,レイシ,果樹類,,,crop,ライチ,完全一致
9258,さんしょう(果実),さんしょう(果実),果樹類,その他果樹類,,sub_item,,ver3継承
9358,なつみかん,なつみかん,果樹類,かんきつ,,crop,甘夏、なつだいだい,完全一致
9427,おかひじき,おかひじき,野菜類,葉菜類,ヒユ科葉菜類,crop,クサヒジキ、オカミル、ミルナ,完全一致
9432,えごま(種子),えごま(種子),野菜類,葉菜類,,sub_item,,ver3継承
9436,すぎ(下刈り),すぎ(下刈り),樹木類,,,sub_item,,ベース一致
9445,牧草,牧草,飼料作物,牧草,,crop,,ver3継承
10632,いちご(仮植床),いちご(仮植床),野菜類,,,sub_item,オランダイチゴ,ベース一致
10642,花き類・観葉植物(きく、ガーベラ、シクラメン、アジアンタムを除く),花き類・観葉植物(きく、ガーベラ、シクラメン、アジアンタムを除く),花き類・観葉植物,切花類,,exclusion_group,,ver3継承
10645,ガーベラ,ガーベラ,花き類・観葉植物,,,crop,,完全一致
10647,樹木類(まさき、もっこく、さくらを除く),樹木類(まさき、もっこく、さくらを除く),樹木類,その他樹木類,,exclusion_group,,ver3継承
10649,まさき,まさき,樹木類,,,crop,,完全一致
10652,もっこく,もっこく,樹木類,,,crop,,完全一致
10685,ヤシ類,ヤシ類,花き類・観葉植物,観葉植物,,group,,ver3継承
10882,芝(こうらいしば),芝(こうらいしば),芝,西洋芝,,sub_item,,ver3継承
10883,芝(ひめこうらいしば),芝(ひめこうらいしば),芝,西洋芝,,sub_item,,ver3継承
10884,稲、麦、キャベツ、ねぎ等の薬液のつきにくい作物,稲、麦、キャベツ、ねぎ等の薬液のつきにくい作物,穀類,稲,,crop,,ver3継承
10885,果樹、野菜等で薬液のつきやすい作物,果樹、野菜等で薬液のつきやすい作物,野菜類,その他野菜類,,crop,,ver3継承
11062,西洋なし(ラ・フランス),西洋なし(ラ・フランス),果樹類,仁果類,,sub_item,,ver3継承
11064,西洋なし(フレミッシュ・ビューティ),西洋なし(フレミッシュ・ビューティ),果樹類,仁果類,,sub_item,,ver3継承
11065,西洋なし(ゼネラル・レクラーク),西洋なし(ゼネラル・レクラーク),果樹類,仁果類,,sub_item,,ver3継承
11066,おうとう(ナポレオン),おうとう(ナポレオン),果樹類,核果類,,sub_item,さくらんぼ,ベース一致
11067,おうとう(佐藤錦),おうとう(佐藤錦),果樹類,核果類,,sub_item,さくらんぼ,ベース一致
11069,たんかん,たんかん,果樹類,かんきつ,,crop,,完全一致
11070,はっさく,はっさく,果樹類,かんきつ,,crop,,完全一致
11072,かき(富有),かき(富有),果樹類,,,sub_item,,ベース一致
11073,かき(平核無),かき(平核無),果樹類,,,sub_item,,ベース一致
11074,かき(会津身不知),かき(会津身不知),果樹類,,,sub_item,,ベース一致
11075,かき(松本早生富有),かき(松本早生富有),果樹類,,,sub_item,,ベース一致
11076,かき(前川次郎),かき(前川次郎),果樹類,,,sub_item,,ベース一致
11077,かき(西村早生),かき(西村早生),果樹類,,,sub_item,,ベース一致
11078,かき(西条)[熟柿栽培],かき(西条)[熟柿栽培],果樹類,その他果樹類,,sub_item,,ver3継承
11079,なし(長十郎),なし(長十郎),果樹類,仁果類,,sub_item,日本なし、西洋なし、中国なし,ベース一致
11080,なし(豊水),なし(豊水),果樹類,仁果類,,sub_item,日本なし、西洋なし、中国なし,ベース一致
11082,なし(二十世紀),なし(二十世紀),果樹類,仁果類,,sub_item,日本なし、西洋なし、中国なし,ベース一致
11084,なし(新水),なし(新水),果樹類,仁果類,,sub_item,日本なし、西洋なし、中国なし,ベース一致
11086,なし(幸水),なし(幸水),果樹類,仁果類,,sub_item,日本なし、西洋なし、中国なし,ベース一致
11088,なし(新興),なし(新興),果樹類,仁果類,,sub_item,日本なし、西洋なし、中国なし,ベース一致
11091,なし(長十郎、豊水、二十世紀、新水、幸水、新興を除く),なし(長十郎、豊水、二十世紀、新水、幸水、新興を除く),果樹類,仁果類,,exclusion_group,日本なし、西洋なし、中国なし,ベース一致
11094,ぶどう(巨峰(露地栽培)),ぶどう(巨峰(露地栽培)),果樹類,ベリー類等の小粒果実類,,variant,,ver3継承
11101,トマト(加工用),トマト(加工用),野菜類,なす科果菜類,,sub_item,,ベース一致
11102,トマト(生食用),トマト(生食用),野菜類,なす科果菜類,,sub_item,,ベース一致
11105,かぼちゃ(西洋かぼちゃ),かぼちゃ(西洋かぼちゃ),野菜類,うり類,うり類（成熟）,sub_item,日本かぼちゃ、西洋かぼちゃ、ぺぽかぼちゃ（ズッキーニを除く）,ベース一致
11107,小麦(春播栽培),小麦(春播栽培),穀類,麦類,,variant,,ベース一致
11112,小麦(秋播栽培),小麦(秋播栽培),穀類,麦類,,variant,,ベース一致
11116,きく(電照栽培),きく(電照栽培),花き類・観葉植物,,,sub_item,,ベース一致
11211,非結球あぶらな科葉菜類(ケール、からしな、ルッコラ、四川搾菜(茎葉)、畑わさび、畑わさび(葉)を除く),非結球あぶらな科葉菜類(ケール、からしな、ルッコラ、四川搾菜(茎葉)、畑わさび、畑わさび(葉)を除く),野菜類,葉菜類,,exclusion_group,,ver3継承
11254,だいおう,だいおう,薬用作物,,,crop,信州大黄,完全一致
11281,宿根アスター,宿根アスター,花き類・観葉植物,,,crop,,完全一致
11282,オンシジウム,オンシジウム,花き類・観葉植物,,,crop,,完全一致
11286,リアトリス,リアトリス,花き類・観葉植物,,,crop,,完全一致
11288,グラジオラス,グラジオラス,花き類・観葉植物,,,crop,,完全一致
11342,樹木類(つつじ類、とどまつ、ポインセチアを除く),樹木類(つつじ類、とどまつ、ポインセチアを除く),樹木類,つつじ類,,exclusion_group,,ver3継承
11343,花き類・観葉植物(きく、宿根スターチス、カーネーション、アリウム、たであいを除く),花き類・観葉植物(きく、宿根スターチス、カーネーション、アリウム、たであいを除く),花き類・観葉植物,切花類,,exclusion_group,,ver3継承
11347,宿根スターチス,宿根スターチス,花き類・観葉植物,,,crop,,完全一致
11355,アリウム,アリウム,花き類・観葉植物,,,crop,,完全一致
11365,たであい,たであい,花き類・観葉植物,,,crop,,完全一致
11460,エゾヤチネズミが加害する農作物等,エゾヤチネズミが加害する農作物等,適用地帯等,NULL,,crop,,ver3継承
11480,なばな類(オータムポエムを除く),なばな類(オータムポエムを除く),野菜類,葉菜類,非結球あぶらな科葉菜類,exclusion_group,あさまこな（朝熊小菜）、あすっこ、アレッタ、おおさきな（大崎菜、芹田菜）、オータムポエム（アスパラ菜、愛味菜）、かきな（かき菜）、こまつな（なばな的栽培）、さいしん（菜芯）、なばな（なのはな、はなな）、のらぼうな（のらぼう菜）、はなっこりー,ベース一致
11481,オータムポエム,オータムポエム,野菜類,あぶらな科野菜(花蕾及び茎),,crop,,ver3継承
11490,豆類(種実、ただし、だいずを除く),豆類(種実、ただし、だいずを除く),野菜類,豆類,,exclusion_group,,ver3継承
11519,なつめ,なつめ,果樹類,,,crop,,完全一致
11567,果樹類(もも、りんご、なし、かき、マルメロ、かりん、いちじく、かんきつ、おうとう、小粒核果類、びわ、キウイフルーツ、ぶどう、くり、オリーブを除く),果樹類(もも、りんご、なし、かき、マルメロ、かりん、いちじく、かんきつ、おうとう、小粒核果類、びわ、キウイフルーツ、ぶどう、くり、オリーブを除く),果樹類,かんきつ,,exclusion_group,,ver3継承
11570,漬物用すいか,漬物用すいか,野菜類,うり類,うり類（成熟）,crop,源吾兵衛西瓜,完全一致
11573,きり,きり,樹木類,,,crop,,完全一致
11575,ぶな(伐倒木),ぶな(伐倒木),樹木類,,,sub_item,,ベース一致
11674,花き類・観葉植物(ばら、きく、プリムラ、シクラメン、ベゴニア、宿根かすみそうを除く),花き類・観葉植物(ばら、きく、プリムラ、シクラメン、ベゴニア、宿根かすみそうを除く),花き類・観葉植物,切花類,,exclusion_group,,ver3継承
11697,樹木類(つばき類、さくら、プラタナスを除く),樹木類(つばき類、さくら、プラタナスを除く),樹木類,つばき類,,exclusion_group,,ver3継承
11852,花き類・観葉植物(カーネーション、きくを除く),花き類・観葉植物(カーネーション、きくを除く),花き類・観葉植物,切花類,,exclusion_group,,ver3継承
11879,野菜類(豆類(未成熟)を除く),野菜類(豆類(未成熟)を除く),野菜類,豆類,,exclusion_group,,ver3継承
11885,花き類,花き類,花き類・観葉植物,切花類,,group,,ver3継承
11916,すいかの接木用のゆうがお,すいかの接木用のゆうがお,野菜類,うり類,,crop,,ver3継承
11970,豆類,豆類,野菜類,豆類,,group,,ver3継承
11971,なす科野菜,なす科野菜,野菜類,なす科果菜類,,crop,,ver3継承
11972,あぶらな科野菜,あぶらな科野菜,野菜類,その他野菜類,,crop,,ver3継承
11976,ねぎ類,ねぎ類,野菜類,鱗茎類,,group,,ver3継承
11979,まめ科牧草等,まめ科牧草等,飼料作物,牧草,,crop,,ver3継承
12004,稲、麦、キャベツ、ねぎ等で展着しにくい作物,稲、麦、キャベツ、ねぎ等で展着しにくい作物,穀類,稲,,crop,,ver3継承
12005,果樹、野菜等で薬剤のつきやすい作物,果樹、野菜等で薬剤のつきやすい作物,野菜類,その他野菜類,,crop,,ver3継承
12056,つつじ類(鉢植え),つつじ類(鉢植え),花き類・観葉植物,花木類,,sub_item,,ver3継承
12069,エンダイブ,エンダイブ,野菜類,葉菜類,レタス類,crop,ニガヂシャ、キクヂシャ,完全一致
12081,しゅんぎく,しゅんぎく,野菜類,葉菜類,レタス類以外のきく科葉菜類,crop,菊菜、スティックシュンギク,完全一致
12125,バンジロウ,バンジロウ,果樹類,ベリー類等の小粒果実類,,crop,,ver3継承
12137,麦類(秋播栽培),麦類(秋播栽培),穀類,麦類,,variant,,ver3継承
12190,げっけいじゅ,げっけいじゅ,樹木類,,,crop,,完全一致
12200,つげ,つげ,樹木類,,,crop,,完全一致
12204,もくせい,もくせい,樹木類,,,crop,きんもくせい、ぎんもくせい,完全一致
12208,もちのき,もちのき,樹木類,,,crop,,完全一致
12210,あおき,あおき,樹木類,,,crop,,完全一致
12212,落葉性庭木類,落葉性庭木類,樹木類,その他樹木類,,group,,ver3継承
12293,食用桑(果実),食用桑(果実),その他の食用作物,NULL,,sub_item,,ver3継承
12354,バジル,バジル,野菜類,葉菜類,しそ科葉菜類,crop,スイートバジル、ダークオパールバジル、メボウキ,完全一致
12355,非結球はくさい,非結球はくさい,野菜類,葉菜類,非結球あぶらな科葉菜類,crop,小倉はくさい菜、しろな（大阪しろな）、たいさい（体菜）、長崎はくさい、ひろしまな（広島菜）,完全一致
12389,とうがらし類(ししとうを除く),とうがらし類(ししとうを除く),野菜類,なす科果菜類,,exclusion_group,,ver3継承
12393,未成熟ささげ,未成熟ささげ,野菜類,豆類(未成熟),,crop,十六ささげ、あきしまささげ,完全一致
12394,葉ごぼう,葉ごぼう,野菜類,葉菜類,レタス類以外のきく科葉菜類,crop,,完全一致
12505,シンビジウム,シンビジウム,花き類・観葉植物,,,crop,,完全一致
12510,ぶどう(休眠期),ぶどう(休眠期),果樹類,ベリー類等の小粒果実類,,sub_item,小粒種ぶどう（デラウェア、シラガブドウ、やまぶどう）、大粒種ぶどう（巨峰系４倍体品種）,ベース一致
12511,茶(摘採直後),茶(摘採直後),その他の食用作物,,,sub_item,,手動分類
12530,樹木類(あじさい、えぞまつ(苗木)、とどまつ(苗木)、せんりょう、まつを除く),樹木類(あじさい、えぞまつ(苗木)、とどまつ(苗木)、せんりょう、まつを除く),樹木類,その他樹木類,,exclusion_group,,ver3継承
12531,あじさい,あじさい,樹木類,,,crop,,完全一致
12532,えぞまつ(苗木),えぞまつ(苗木),樹木類,,,sub_item,,ベース一致
12533,とどまつ(苗木),とどまつ(苗木),樹木類,,,sub_item,とどまつ（苗木）,ベース一致
12573,樹木類(伐倒木),樹木類(伐倒木),樹木類,その他樹木類,,sub_item,,ver3継承
12577,ひのき(伐倒木),ひのき(伐倒木),樹木類,,,sub_item,,ベース一致
12583,木材,木材,その他の非食用作物,NULL,,crop,,ver3継承
12642,果樹類(かんきつ、パイナップルを除く),果樹類(かんきつ、パイナップルを除く),果樹類,かんきつ,,exclusion_group,,ver3継承
12660,芝(ラフ等),芝(ラフ等),芝,西洋芝,,sub_item,,ver3継承
12663,すぎ(下刈り代用),すぎ(下刈り代用),樹木類,,,sub_item,,ベース一致
12667,ひのき(下刈り代用),ひのき(下刈り代用),樹木類,,,sub_item,,ベース一致
12679,水田作物(水稲を除く),水田作物(水稲を除く),適用地帯等,水田作物,,exclusion_group,,手動分類
12688,豆類(種実、ただし、だいず、らっかせいを除く),豆類(種実、ただし、だいず、らっかせいを除く),野菜類,豆類,,exclusion_group,,ver3継承
12697,さとうきび(春植え),さとうきび(春植え),その他の食用作物,,,sub_item,,手動分類
12700,花木,花木,花き類・観葉植物,花木類,,crop,,ver3継承
12741,なし(栽培育成時の非収穫年樹),なし(栽培育成時の非収穫年樹),果樹類,仁果類,,sub_item,日本なし、西洋なし、中国なし,ベース一致
12742,ぶどう(デラウェア),ぶどう(デラウェア),果樹類,ベリー類等の小粒果実類,,sub_item,小粒種ぶどう（デラウェア、シラガブドウ、やまぶどう）、大粒種ぶどう（巨峰系４倍体品種）,ベース一致
12744,ぶどう(マスカット・ベリーA、旅路(紅塩谷)、バッファロー(アーリースチューベン)),ぶどう(マスカット・ベリーA、旅路(紅塩谷)、バッファロー(アーリースチューベン)),果樹類,ベリー類等の小粒果実類,,sub_item,,ver3継承
12748,おうとう(苗木),おうとう(苗木),果樹類,核果類,,sub_item,さくらんぼ,ベース一致
12752,こちょうらん,こちょうらん,花き類・観葉植物,,,crop,,完全一致
12762,雑穀類(ひえを除く),雑穀類(ひえを除く),穀類,雑穀類,,exclusion_group,,ver3継承
12765,野菜類(パセリ、えごま(葉)を除く),野菜類(パセリ、えごま(葉)を除く),野菜類,その他野菜類,,exclusion_group,,ver3継承
12772,えごま(葉),えごま(葉),野菜類,葉菜類,,sub_item,,ver3継承
12777,果樹類(りんごを除く),果樹類(りんごを除く),果樹類,その他果樹類,,exclusion_group,,ver3継承
12786,樹木類(つばき類を除く),樹木類(つばき類を除く),樹木類,つばき類,,exclusion_group,,ver3継承
12911,食用へちま,食用へちま,野菜類,うり類,うり類（未成熟）,crop,,完全一致
13042,たかな,たかな,野菜類,葉菜類,非結球あぶらな科葉菜類,crop,高菜、かつおな、せいさい、山形青菜、三池たかな,完全一致
13044,チンゲンサイ,チンゲンサイ,野菜類,葉菜類,非結球あぶらな科葉菜類,crop,青梗菜,完全一致
13067,かんきつ(温州みかん、きんかんを除く),かんきつ(温州みかん、きんかんを除く),果樹類,かんきつ,,exclusion_group,,ver3継承
13166,メキャベツ,メキャベツ,野菜類,葉菜類,結球あぶらな科葉菜類,crop,芽キャベツ、こもちかんらん,完全一致
13180,リーフレタス,リーフレタス,野菜類,葉菜類,,crop,,ver3継承
13222,さざんか,さざんか,樹木類,つばき類,,crop,,完全一致
13330,ひのき(下刈り),ひのき(下刈り),樹木類,,,sub_item,,ベース一致
13439,飼料用さとうきび(春植又は夏植),飼料用さとうきび(春植又は夏植),飼料作物,,,sub_item,,ベース一致
13443,飼料用さとうきび(株出),飼料用さとうきび(株出),飼料作物,,,sub_item,,ベース一致
13489,びゃくしん類,びゃくしん類,樹木類,びゃくしん類,,group,,ver3継承
13494,やなぎ,やなぎ,樹木類,,,crop,,完全一致
13497,せいようきんしばい,せいようきんしばい,樹木類,,,crop,,完全一致
13498,芝(日本芝),芝(日本芝),芝,日本芝,,sub_item,,ver3継承
13500,芝(ベントグラス),芝(ベントグラス),芝,西洋芝,,sub_item,,ver3継承
13535,日本芝(のしば),日本芝(のしば),芝,日本芝,,sub_item,,ver3継承
13593,しいたけ(菌床栽培),しいたけ(菌床栽培),きのこ類,,,sub_item,,ベース一致
13606,フェニックス・ロベレニー,フェニックス・ロベレニー,樹木類,ヤシ類,,crop,シンノウヤシ,完全一致
13613,西洋芝(ブルーグラス),西洋芝(ブルーグラス),芝,西洋芝,,sub_item,,ver3継承
13621,まつ(生立木),まつ(生立木),樹木類,まつ類,,sub_item,,ver3継承
13628,まつ(枯損立木),まつ(枯損立木),樹木類,まつ類,,sub_item,,ver3継承
13630,まつ(衰弱木・枯損立木),まつ(衰弱木・枯損立木),樹木類,まつ類,,sub_item,,ver3継承
13646,まつ類(風倒木),まつ類(風倒木),樹木類,まつ類,,sub_item,,ver3継承
13647,樹木類(倒木、伐倒木),樹木類(倒木、伐倒木),樹木類,その他樹木類,,sub_item,,ver3継承
13674,ほだ木,ほだ木,きのこ類,NULL,,crop,,ver3継承
13675,ほだ木用笠木,ほだ木用笠木,きのこ類,NULL,,crop,,ver3継承
13791,なし(赤なし、ただし、王秋を除く),なし(赤なし、ただし、王秋を除く),果樹類,仁果類,,exclusion_group,日本なし、西洋なし、中国なし,ベース一致
13792,なし(青なし),なし(青なし),果樹類,仁果類,,sub_item,日本なし、西洋なし、中国なし,ベース一致
13793,なし(王秋),なし(王秋),果樹類,仁果類,,sub_item,日本なし、西洋なし、中国なし,ベース一致
13844,コウヨウザン(下刈り),コウヨウザン(下刈り),樹木類,まつ類,,sub_item,,ver3継承
13961,きく(葉),きく(葉),花き類・観葉植物,,,sub_item,,ベース一致
13973,ホワイトレースフラワー,ホワイトレースフラワー,花き類・観葉植物,,,crop,,完全一致
13999,びわ(葉),びわ(葉),野菜類,,,sub_item,,完全一致
14553,稲、麦、キャベツ、ねぎ等つきにくい作物,稲、麦、キャベツ、ねぎ等つきにくい作物,穀類,稲,,crop,,ver3継承
14554,果樹、はくさい、ばれいしょ、きゅうり等つきやすい作物,果樹、はくさい、ばれいしょ、きゅうり等つきやすい作物,果樹類,その他果樹類,,crop,,ver3継承
14575,たまねぎ(直播栽培),たまねぎ(直播栽培),野菜類,鱗茎類,鱗茎類（根物）,variant,,ベース一致
14594,そば,そば,穀類,,,crop,だったんそば,完全一致
14606,たまねぎ(移植栽培),たまねぎ(移植栽培),野菜類,鱗茎類,鱗茎類（根物）,variant,,ベース一致
14616,葉にんにく(マルチ栽培),葉にんにく(マルチ栽培),野菜類,鱗茎類,鱗茎類（根物）,sub_item,,ベース一致
14617,葉にんにく(マルチ栽培を除く),葉にんにく(マルチ栽培を除く),野菜類,鱗茎類,鱗茎類（根物）,exclusion_group,,ベース一致
14837,畑わさび(根茎),畑わさび(根茎),野菜類,葉菜類,非結球あぶらな科葉菜類,sub_item,おかわさび,ベース一致
14838,わさび(根茎),わさび(根茎),野菜類,,,sub_item,みずわさび,ベース一致
14840,エンサイ,エンサイ,野菜類,葉菜類,,crop,エンツァイ、あさがおな、空心菜、通菜、ヨウサイ,完全一致
14927,かんきつ(みかん、すだちを除く),かんきつ(みかん、すだちを除く),果樹類,かんきつ,,exclusion_group,,ver3継承
14957,ポインセチア,ポインセチア,樹木類,,,crop,,完全一致
15055,稲、麦類、果樹類、野菜類、花き類、茶、芝 等,稲、麦類、果樹類、野菜類、花き類、茶、芝 等,花き類・観葉植物,切花類,,crop,,ver3継承
15141,みつば(水耕栽培),みつば(水耕栽培),野菜類,葉菜類,せり科葉菜類,sub_item,青みつば、切りみつば、根みつば,ベース一致
15154,西洋芝(ライグラス),西洋芝(ライグラス),芝,西洋芝,,sub_item,,ver3継承
15166,西洋芝(バーミューダグラス),西洋芝(バーミューダグラス),芝,西洋芝,,sub_item,,ver3継承
15200,はまなす(果実),はまなす(果実),果樹類,ベリー類等の小粒果実類,,sub_item,,ver3継承
15202,アロニア,アロニア,果樹類,ベリー類等の小粒果実類,ベリー類,crop,チョコベリー,完全一致
15203,ハスカップ,ハスカップ,果樹類,ベリー類等の小粒果実類,ベリー類,crop,クロミノウグイスカグラ,完全一致
15224,非結球あぶらな科葉菜類(こまつな、非結球はくさい、みずな、なばな類を除く),非結球あぶらな科葉菜類(こまつな、非結球はくさい、みずな、なばな類を除く),野菜類,あぶらな科野菜(花蕾及び茎),,exclusion_group,,ver3継承
15250,茎ブロッコリー,茎ブロッコリー,野菜類,あぶらな科野菜(花蕾及び茎),はなやさい類,crop,スティックセニョール,完全一致
15269,トレビス,トレビス,野菜類,葉菜類,レタス類,crop,トレビツ,完全一致
15284,豆類(未成熟、ただし、えだまめ、さやいんげん、さやえんどう、未成熟そらまめを除く),豆類(未成熟、ただし、えだまめ、さやいんげん、さやえんどう、未成熟そらまめを除く),野菜類,豆類,,exclusion_group,,ver3継承
15372,つるむらさき,つるむらさき,野菜類,葉菜類,,crop,シンツルムラサキ,完全一致
15383,花き類・観葉植物(はぼたんを除く),花き類・観葉植物(はぼたんを除く),花き類・観葉植物,切花類,,exclusion_group,,ver3継承
15387,はぼたん,はぼたん,花き類・観葉植物,,,crop,,完全一致
15392,樹木類(くちなしを除く),樹木類(くちなしを除く),樹木類,その他樹木類,,exclusion_group,,ver3継承
15395,くちなし,くちなし,樹木類,,,crop,,完全一致
15919,かえで,かえで,樹木類,,,crop,いたやかえで、いろはもみじ、おおもみじ、とうかえで,完全一致
15991,チコリ,チコリ,野菜類,,,crop,キクニガナ,完全一致
15992,チコリ(根株),チコリ(根株),野菜類,,,sub_item,キクニガナ,ベース一致
15998,キノア,キノア,穀類,ヒユ科雑穀類,,crop,,完全一致
16005,とりかぶと(薬用),とりかぶと(薬用),花き類・観葉植物,,,sub_item,,ベース一致
16009,おうぎ,おうぎ,薬用作物,,,crop,キバナオウギ、ナイモウオウギ,完全一致
16010,おけら,おけら,薬用作物,,,crop,オオバナオケラ、ホソバオケラ,完全一致
16013,ぎぼうし,ぎぼうし,野菜類,,,crop,うるい,完全一致
16018,わた,わた,花き類・観葉植物,,,crop,,完全一致
16028,湛水直播水稲,湛水直播水稲,穀類,,,crop,水稲（湛水直播）,完全一致
16176,未成熟ふじまめ,未成熟ふじまめ,野菜類,豆類(未成熟),,crop,未成熟千石豆、未成熟カガツルマメ、未成熟ツルマメ,完全一致
16368,芝(ブルーグラス),芝(ブルーグラス),芝,西洋芝,,sub_item,,ver3継承
16498,非結球あぶらな科葉菜類(のざわなを除く),非結球あぶらな科葉菜類(のざわなを除く),野菜類,葉菜類,,exclusion_group,,ver3継承
16509,非結球レタス(リーフレタスを除く),非結球レタス(リーフレタスを除く),野菜類,葉菜類,レタス類,exclusion_group,かきちしゃ（サンチュ、チマサンチュ）、サラダ菜、ロメインレタス、サニーレタス、フリルレタス,ベース一致
16646,花き類・観葉植物(ばら、きくを除く),花き類・観葉植物(ばら、きくを除く),花き類・観葉植物,切花類,,exclusion_group,,ver3継承
16647,樹木類(しきみを除く),樹木類(しきみを除く),樹木類,その他樹木類,,exclusion_group,,ver3継承
16783,いも類(ばれいしょ、かんしょ、やまのいも、さといも、こんにゃく、みずいもを除く),いも類(ばれいしょ、かんしょ、やまのいも、さといも、こんにゃく、みずいもを除く),野菜類,いも類,,exclusion_group,,ver3継承
16793,果樹類(かんきつを除く),果樹類(かんきつを除く),果樹類,かんきつ,,exclusion_group,,ver3継承
16800,野菜類(レタス、キャベツ、はくさい、カリフラワー、ブロッコリー、ねぎ、だいこん、にんじん、ごぼう、たまねぎ、トマト、きゅうり、すいか、メロン、なす、ほうれんそう、ピーマン、かぼちゃ、アスパラガス、パセリ、ふき、みょうが(花穂)、みょうが(茎葉)、うど、やまのいも(むかご)、しょうが、にんにく、たけのこ、いちごを除く),野菜類(レタス、キャベツ、はくさい、カリフラワー、ブロッコリー、ねぎ、だいこん、にんじん、ごぼう、たまねぎ、トマト、きゅうり、すいか、メロン、なす、ほうれんそう、ピーマン、かぼちゃ、アスパラガス、パセリ、ふき、みょうが(花穂)、みょうが(茎葉)、うど、やまのいも(むかご)、しょうが、にんにく、たけのこ、いちごを除く),野菜類,その他野菜類,,exclusion_group,,ver3継承
16854,たけのこ,たけのこ,野菜類,,,crop,マダケ、モウソウチク、ハチク、ねまがりだけ,完全一致
16873,花き類・観葉植物(チューリップ、すいせんを除く),花き類・観葉植物(チューリップ、すいせんを除く),花き類・観葉植物,切花類,,exclusion_group,,ver3継承
17061,ばれいしょ(マルチ栽培を除く),ばれいしょ(マルチ栽培を除く),野菜類,いも類,,exclusion_group,じゃがいも,ベース一致
17062,ばれいしょ(マルチ栽培),ばれいしょ(マルチ栽培),野菜類,いも類,,sub_item,じゃがいも,ベース一致
17072,たまねぎ(春播栽培),たまねぎ(春播栽培),野菜類,鱗茎類,鱗茎類（根物）,variant,,ベース一致
17073,たまねぎ(秋播栽培),たまねぎ(秋播栽培),野菜類,鱗茎類,鱗茎類（根物）,variant,,ベース一致
17074,たまねぎ(秋播マルチ栽培),たまねぎ(秋播マルチ栽培),野菜類,鱗茎類,鱗茎類（根物）,variant,,ベース一致
17125,タアサイ,タアサイ,野菜類,葉菜類,非結球あぶらな科葉菜類,crop,仙台雪菜、ターサイ、ターツァイ、如月菜,完全一致
17129,セントポーリア,セントポーリア,花き類・観葉植物,,,crop,,完全一致
17154,非結球メキャベツ,非結球メキャベツ,野菜類,葉菜類,非結球あぶらな科葉菜類,crop,プチヴェール、ミニベール,完全一致
17169,花き類・観葉植物(きく、ストックを除く),花き類・観葉植物(きく、ストックを除く),花き類・観葉植物,切花類,,exclusion_group,,ver3継承
17289,かんしょ(茎葉),かんしょ(茎葉),野菜類,いも類,,sub_item,さつまいも、シモンいも,ベース一致
17620,にら(花茎),にら(花茎),野菜類,鱗茎類,鱗茎類（葉物）,sub_item,黄にら,ベース一致
17632,非結球あぶらな科葉菜類(チンゲンサイを除く),非結球あぶらな科葉菜類(チンゲンサイを除く),野菜類,葉菜類,,exclusion_group,,ver3継承
17639,しそ科葉菜類(しそ、バジルを除く),しそ科葉菜類(しそ、バジルを除く),野菜類,葉菜類,,exclusion_group,,ver3継承
17649,食用プリムラ,食用プリムラ,野菜類,食用花,,crop,食用さくらそう,完全一致
17650,食用金魚草,食用金魚草,野菜類,食用花,,crop,スナップドラゴン,完全一致
17651,食用エキザカム,食用エキザカム,野菜類,食用花,,crop,,完全一致
17652,食用カーネーション,食用カーネーション,野菜類,食用花,,crop,,完全一致
17653,食用せんにちこう,食用せんにちこう,野菜類,食用花,,crop,千日紅,完全一致
17654,食用トレニア,食用トレニア,野菜類,食用花,,crop,,完全一致
17655,食用なでしこ,食用なでしこ,野菜類,食用花,,crop,,完全一致
17656,食用パンジー,食用パンジー,野菜類,食用花,,crop,,完全一致
17657,飼料用えんばく(は種用種子),飼料用えんばく(は種用種子),飼料作物,,,sub_item,,ベース一致
17949,たばこ(黄色種),たばこ(黄色種),その他の非食用作物,,,sub_item,たばこ（折裏マルチ栽培）,手動分類
17950,たばこ(在来種),たばこ(在来種),その他の非食用作物,,,sub_item,たばこ（折裏マルチ栽培）,手動分類
17951,たばこ(バーレー種),たばこ(バーレー種),その他の非食用作物,,,sub_item,たばこ（折裏マルチ栽培）,手動分類
17960,ナメクジ類、カタツムリ類が加害する農作物等,ナメクジ類、カタツムリ類が加害する農作物等,適用地帯等,NULL,,crop,,ver3継承
18215,花き類・観葉植物(カーネーション、ばらを除く),花き類・観葉植物(カーネーション、ばらを除く),花き類・観葉植物,切花類,,exclusion_group,,ver3継承
18460,きび,きび,穀類,イネ科雑穀類,,crop,,完全一致
18461,あわ,あわ,穀類,イネ科雑穀類,,crop,,完全一致
18541,豆類(種実、ただし、だいず、あずきを除く),豆類(種実、ただし、だいず、あずきを除く),野菜類,豆類,,exclusion_group,,ver3継承
18583,じゅんさい,じゅんさい,野菜類,,,crop,,完全一致
18586,せり(水耕栽培),せり(水耕栽培),野菜類,葉菜類,せり科葉菜類,sub_item,,ベース一致
18587,みずいも,みずいも,野菜類,いも類,,crop,田いも,完全一致
18597,採種用とうき,採種用とうき,薬用作物,NULL,,crop,,ver3継承
18598,樹木類(つつじ類、ポインセチア、ソテツを除く),樹木類(つつじ類、ポインセチア、ソテツを除く),樹木類,つつじ類,,exclusion_group,,ver3継承
18609,ソテツ,ソテツ,花き類・観葉植物,観葉植物,,crop,,ver3継承
18635,わさび,わさび,野菜類,,,crop,みずわさび,完全一致
18762,なばな類(なばなを除く),なばな類(なばなを除く),野菜類,葉菜類,非結球あぶらな科葉菜類,exclusion_group,あさまこな（朝熊小菜）、あすっこ、アレッタ、おおさきな（大崎菜、芹田菜）、オータムポエム（アスパラ菜、愛味菜）、かきな（かき菜）、こまつな（なばな的栽培）、さいしん（菜芯）、なばな（なのはな、はなな）、のらぼうな（のらぼう菜）、はなっこりー,ベース一致
18815,うり類(漬物用、ただし、ゆうがおを除く),うり類(漬物用、ただし、ゆうがおを除く),野菜類,うり類,,exclusion_group,,ver3継承
18840,せんぶり,せんぶり,薬用作物,,,crop,,完全一致
18841,花き類・観葉植物(ばら、きく、チューリップ、ゆり、りんどうを除く),花き類・観葉植物(ばら、きく、チューリップ、ゆり、りんどうを除く),花き類・観葉植物,切花類,,exclusion_group,,ver3継承
19110,花き類・観葉植物(施設栽培、ただし、カーネーション、ばらを除く),花き類・観葉植物(施設栽培、ただし、カーネーション、ばらを除く),花き類・観葉植物,切花類,,exclusion_group,,ver3継承
19111,カーネーション(施設栽培),カーネーション(施設栽培),花き類・観葉植物,,,variant,,ベース一致
19112,ばら(施設栽培),ばら(施設栽培),花き類・観葉植物,,,variant,,ベース一致
19165,マッシュルーム,マッシュルーム,きのこ類,,,crop,ツクリタケ,完全一致
19213,はすいも(葉柄),はすいも(葉柄),野菜類,いも類,,sub_item,,ver3継承
19218,豆類(未成熟、ただし、さやえんどう、実えんどう、未成熟そらまめを除く),豆類(未成熟、ただし、さやえんどう、実えんどう、未成熟そらまめを除く),野菜類,豆類,,exclusion_group,,ver3継承
19230,ふだんそう,ふだんそう,野菜類,葉菜類,ヒユ科葉菜類,crop,ベトラーブ、あかふだんそう、スイスチャード、デトロイト,完全一致
19247,ハイドランジア,ハイドランジア,花き類・観葉植物,花木類,,crop,,ver3継承
19563,豆類(種実、ただし、らっかせいを除く),豆類(種実、ただし、らっかせいを除く),野菜類,豆類,,exclusion_group,,ver3継承
19564,花き類・観葉植物(きくを除く),花き類・観葉植物(きくを除く),花き類・観葉植物,切花類,,exclusion_group,,ver3継承
19763,花き類・観葉植物(カーネーション、きく、りんどうを除く),花き類・観葉植物(カーネーション、きく、りんどうを除く),花き類・観葉植物,切花類,,exclusion_group,,ver3継承
19820,豆類(種実、ただし、だいず、あずき、いんげんまめを除く),豆類(種実、ただし、だいず、あずき、いんげんまめを除く),野菜類,豆類,,exclusion_group,,ver3継承
20051,びわ(有袋栽培),びわ(有袋栽培),果樹類,仁果類,,variant,,ベース一致
20495,果樹類、野菜類、花き類・観葉植物、その他の一般畑作物,果樹類、野菜類、花き類・観葉植物、その他の一般畑作物,花き類・観葉植物,切花類,,crop,,ver3継承
20573,さんとうさい,さんとうさい,野菜類,葉菜類,,crop,,ver3継承
20581,カラー,カラー,花き類・観葉植物,,,crop,,完全一致
20602,西洋芝(フェスク),西洋芝(フェスク),芝,西洋芝,,sub_item,,ver3継承
20614,やまもも,やまもも,果樹類,ベリー類等の小粒果実類,ベリー類,crop,,完全一致
20620,西洋芝(オーチャードグラス),西洋芝(オーチャードグラス),芝,西洋芝,,sub_item,,ver3継承
20621,アベリア,アベリア,樹木類,,,crop,,完全一致
20622,やまもも(緑化木),やまもも(緑化木),果樹類,ベリー類等の小粒果実類,ベリー類,sub_item,,ベース一致
20623,とうかえで,とうかえで,樹木類,その他樹木類,,crop,,ver3継承
20650,ぶどう(2倍体米国系品種)[無核栽培],ぶどう(2倍体米国系品種)[無核栽培],果樹類,ベリー類等の小粒果実類,,sub_item,,ver3継承
20652,ぶどう(大粒系デラウェア)[無核栽培],ぶどう(大粒系デラウェア)[無核栽培],果樹類,ベリー類等の小粒果実類,,sub_item,,ver3継承
20653,ぶどう(デラウェア)[無核栽培](露地栽培),ぶどう(デラウェア)[無核栽培](露地栽培),果樹類,ベリー類等の小粒果実類,,variant,,ver3継承
20658,ぶどう(デラウェア)[無核栽培](施設栽培),ぶどう(デラウェア)[無核栽培](施設栽培),果樹類,ベリー類等の小粒果実類,,variant,,ver3継承
20668,ぶどう(3倍体品種)[無核栽培],ぶどう(3倍体品種)[無核栽培],果樹類,ベリー類等の小粒果実類,,sub_item,,ver3継承
20682,ぶどう(2倍体米国系品種)[有核栽培],ぶどう(2倍体米国系品種)[有核栽培],果樹類,ベリー類等の小粒果実類,,sub_item,,ver3継承
20683,ぶどう(マスカット・オブ・アレキサンドリアを除く2倍体欧州系品種)[有核栽培],ぶどう(マスカット・オブ・アレキサンドリアを除く2倍体欧州系品種)[有核栽培],果樹類,ベリー類等の小粒果実類,,exclusion_group,,ver3継承
20685,ぶどう(巨峰系4倍体品種)[有核栽培],ぶどう(巨峰系4倍体品種)[有核栽培],果樹類,ベリー類等の小粒果実類,,sub_item,,ver3継承
20686,ぶどう(マスカット・オブ・アレキサンドリア)[有核栽培],ぶどう(マスカット・オブ・アレキサンドリア)[有核栽培],果樹類,ベリー類等の小粒果実類,,sub_item,,ver3継承
20696,びわ(麗月),びわ(麗月),果樹類,仁果類,,sub_item,,ベース一致
20697,メロン(アムスメロン),メロン(アムスメロン),野菜類,うり類,うり類（成熟）,sub_item,アールスメロン、アムスメロン、アンデスメロン,ベース一致
20699,メロン(コサックメロン),メロン(コサックメロン),野菜類,うり類,うり類（成熟）,sub_item,アールスメロン、アムスメロン、アンデスメロン,ベース一致
20700,メロン(プリンスメロン),メロン(プリンスメロン),野菜類,うり類,うり類（成熟）,sub_item,アールスメロン、アムスメロン、アンデスメロン,ベース一致
20702,メロン(キングメルティーメロン),メロン(キングメルティーメロン),野菜類,うり類,うり類（成熟）,sub_item,アールスメロン、アムスメロン、アンデスメロン,ベース一致
20754,ラズベリー,ラズベリー,果樹類,ベリー類等の小粒果実類,ベリー類,crop,,完全一致
20803,花き類・観葉植物(宿根かすみそう、グラジオラス、トルコギキョウ、りんどうを除く),花き類・観葉植物(宿根かすみそう、グラジオラス、トルコギキョウ、りんどうを除く),花き類・観葉植物,切花類,,exclusion_group,,ver3継承
20832,西洋芝(ペレニアルライグラス),西洋芝(ペレニアルライグラス),芝,西洋芝,,sub_item,,ver3継承
21035,水稲(箱育苗),水稲(箱育苗),穀類,,,variant,水稲（移植、直播）,ベース一致
21065,イチイ,イチイ,樹木類,びゃくしん類,,crop,,ver3継承
21142,稲、麦、茶,稲、麦、茶,穀類,稲,,crop,,ver3継承
21143,もも、なし、りんご、キャベツ、はくさい、きゅうり等,もも、なし、りんご、キャベツ、はくさい、きゅうり等,適用地帯等,NULL,,crop,,ver3継承
21268,非結球あぶらな科葉菜類(ケール、こまつな、みずな、のざわな、なばな類を除く),非結球あぶらな科葉菜類(ケール、こまつな、みずな、のざわな、なばな類を除く),野菜類,あぶらな科野菜(花蕾及び茎),,exclusion_group,,ver3継承
21359,ひのき(苗畑),ひのき(苗畑),樹木類,,,sub_item,,ベース一致
21360,すぎ(苗畑),すぎ(苗畑),樹木類,,,sub_item,,ベース一致
21379,米、麦、とうもろこし等の穀類,米、麦、とうもろこし等の穀類,穀類,雑穀類,,group,,ver3継承
21381,米、麦類,米、麦類,穀類,麦類,,group,,ver3継承
21425,きく(ポットマム),きく(ポットマム),花き類・観葉植物,,,sub_item,,ベース一致
21429,ケナフ,ケナフ,その他の非食用作物,,,crop,,手動分類
21682,花き類・観葉植物(ひまわり、ゼラニウムを除く),花き類・観葉植物(ひまわり、ゼラニウムを除く),花き類・観葉植物,切花類,,exclusion_group,,ver3継承
21685,ゼラニウム,ゼラニウム,花き類・観葉植物,,,crop,,完全一致
21687,樹木類(ハイドランジア、やなぎを除く),樹木類(ハイドランジア、やなぎを除く),樹木類,その他樹木類,,exclusion_group,,ver3継承
21773,ぼけ,ぼけ,樹木類,,,crop,,完全一致
21777,樹木類(やなぎ、ぼけ、せいようきんしばいを除く),樹木類(やなぎ、ぼけ、せいようきんしばいを除く),樹木類,その他樹木類,,exclusion_group,,ver3継承
21887,こなら,こなら,樹木類,なら類,,crop,,完全一致
22018,ぶどう(巨峰(施設栽培)),ぶどう(巨峰(施設栽培)),果樹類,ベリー類等の小粒果実類,,variant,,ver3継承
22019,ぶどう(巨峰系4倍体品種)[巨峰、ピオーネを除く],ぶどう(巨峰系4倍体品種)[巨峰、ピオーネを除く],果樹類,ベリー類等の小粒果実類,,exclusion_group,,ver3継承
22020,ぶどう(2倍体米国系品種),ぶどう(2倍体米国系品種),果樹類,ベリー類等の小粒果実類,,sub_item,小粒種ぶどう（デラウェア、シラガブドウ、やまぶどう）、大粒種ぶどう（巨峰系４倍体品種）,ベース一致
22021,ぶどう(3倍体品種)[ナガノパープルを除く],ぶどう(3倍体品種)[ナガノパープルを除く],果樹類,ベリー類等の小粒果実類,,exclusion_group,,ver3継承
22022,ぶどう(ナガノパープル),ぶどう(ナガノパープル),果樹類,ベリー類等の小粒果実類,,sub_item,小粒種ぶどう（デラウェア、シラガブドウ、やまぶどう）、大粒種ぶどう（巨峰系４倍体品種）,ベース一致
22024,ぶどう(2倍体欧州系品種)[シャインマスカットを除く],ぶどう(2倍体欧州系品種)[シャインマスカットを除く],果樹類,ベリー類等の小粒果実類,,exclusion_group,,ver3継承
22025,ぶどう(ピオーネ),ぶどう(ピオーネ),果樹類,ベリー類等の小粒果実類,,sub_item,小粒種ぶどう（デラウェア、シラガブドウ、やまぶどう）、大粒種ぶどう（巨峰系４倍体品種）,ベース一致
22029,ぶどう(シャインマスカット),ぶどう(シャインマスカット),果樹類,ベリー類等の小粒果実類,,sub_item,小粒種ぶどう（デラウェア、シラガブドウ、やまぶどう）、大粒種ぶどう（巨峰系４倍体品種）,ベース一致
22033,ぶどう(デラウエア(施設栽培)),ぶどう(デラウエア(施設栽培)),果樹類,ベリー類等の小粒果実類,,variant,,ver3継承
22034,ぶどう(デラウエア(露地栽培)),ぶどう(デラウエア(露地栽培)),果樹類,ベリー類等の小粒果実類,,variant,,ver3継承
22078,チェリモヤ,チェリモヤ,果樹類,,,crop,,完全一致
22083,豆類(未成熟、ただし、さやいんげんを除く),豆類(未成熟、ただし、さやいんげんを除く),野菜類,豆類,,exclusion_group,,ver3継承
22105,食用さくら(葉),食用さくら(葉),花き類・観葉植物,切花類,,sub_item,,ver3継承
22155,グアバ(果実),グアバ(果実),果樹類,その他果樹類,,sub_item,,ver3継承
22175,うり類(漬物用、ただし、しろうりを除く),うり類(漬物用、ただし、しろうりを除く),野菜類,うり類,,exclusion_group,,ver3継承
22195,しょくようほおずき,しょくようほおずき,野菜類,なす科果菜類,,crop,ゴールデンベリー、トマティロ、グランドチェリー,完全一致
22226,野菜類(すいか、かぼちゃ、トマト、ミニトマト、ねぎ、わけぎ、あさつき、いちごを除く),野菜類(すいか、かぼちゃ、トマト、ミニトマト、ねぎ、わけぎ、あさつき、いちごを除く),野菜類,その他野菜類,,exclusion_group,,ver3継承
22447,コウヨウザン,コウヨウザン,樹木類,まつ類,,crop,,ver3継承
22448,広葉樹,広葉樹,樹木類,その他樹木類,,crop,,ver3継承
22555,豆類(種実、ただし、だいず、あずき、らっかせいを除く),豆類(種実、ただし、だいず、あずき、らっかせいを除く),野菜類,豆類,,exclusion_group,,ver3継承
22713,シクラメン(施設栽培),シクラメン(施設栽培),花き類・観葉植物,,,variant,シクラメン（施設栽培）,ベース一致
22724,いちご(とよのか(促成栽培)),いちご(とよのか(促成栽培)),野菜類,その他野菜類,,sub_item,,ver3継承
22737,アゲラタム,アゲラタム,花き類・観葉植物,,,crop,,完全一致
22738,インパチェンス,インパチェンス,花き類・観葉植物,,,crop,,完全一致
22739,金魚草,金魚草,花き類・観葉植物,,,crop,,完全一致
22743,ヒペリカム(鉢栽培),ヒペリカム(鉢栽培),樹木類,,,sub_item,おとぎりそう、きんしばい,ベース一致
22745,日々草,日々草,花き類・観葉植物,,,crop,,完全一致
22748,まつばぼたん,まつばぼたん,花き類・観葉植物,,,crop,,完全一致
22751,シンフォリカルポス(鉢栽培),シンフォリカルポス(鉢栽培),花き類・観葉植物,切花類,,sub_item,,ver3継承
22752,つつじ類(鉢栽培),つつじ類(鉢栽培),花き類・観葉植物,花木類,,sub_item,,ver3継承
23047,花き類・観葉植物(きく、宿根かすみそう、れんげ(緑肥用)を除く),花き類・観葉植物(きく、宿根かすみそう、れんげ(緑肥用)を除く),花き類・観葉植物,切花類,,exclusion_group,,ver3継承
23054,れんげ(緑肥用),れんげ(緑肥用),花き類・観葉植物,,,sub_item,,ベース一致
23239,りんご(国光(成木)),りんご(国光(成木)),果樹類,仁果類,,sub_item,,ver3継承
23240,りんご(紅玉(成木)),りんご(紅玉(成木)),果樹類,仁果類,,sub_item,,ver3継承
23241,りんご(旭(成木)),りんご(旭(成木)),果樹類,仁果類,,sub_item,,ver3継承
23242,りんご(祝(成木)),りんご(祝(成木)),果樹類,仁果類,,sub_item,,ver3継承
23251,きく(穂木),きく(穂木),花き類・観葉植物,,,sub_item,,ベース一致
23252,食用ぎく(穂木),食用ぎく(穂木),野菜類,食用花,,sub_item,,ベース一致
23253,米,米,穀類,雑穀類,,crop,,ver3継承
23279,非結球あぶらな科葉菜類(なばな類を除く),非結球あぶらな科葉菜類(なばな類を除く),野菜類,あぶらな科野菜(花蕾及び茎),,exclusion_group,,ver3継承
23320,きゅうり(施設栽培),きゅうり(施設栽培),野菜類,うり類,うり類（未成熟）,variant,乙事赤うり,ベース一致
23328,にがうり(施設栽培),にがうり(施設栽培),野菜類,うり類,うり類（未成熟）,variant,つるれいし,ベース一致
23475,花き類・観葉植物(きく、ばら、ペチュニア、レザーファンを除く),花き類・観葉植物(きく、ばら、ペチュニア、レザーファンを除く),花き類・観葉植物,切花類,,exclusion_group,,ver3継承
23482,レザーファン,レザーファン,花き類・観葉植物,,,crop,,完全一致
23658,果樹類(なしを除く),果樹類(なしを除く),果樹類,その他果樹類,,exclusion_group,,ver3継承
23659,野菜類(いちごを除く),野菜類(いちごを除く),野菜類,その他野菜類,,exclusion_group,,ver3継承
23729,樹木類(つつじ類、いぬまきを除く),樹木類(つつじ類、いぬまきを除く),樹木類,つつじ類,,exclusion_group,,ver3継承
23732,いぬまき,いぬまき,樹木類,,,crop,,完全一致
23818,非結球あぶらな科葉菜類(からしなを除く),非結球あぶらな科葉菜類(からしなを除く),野菜類,葉菜類,,exclusion_group,,ver3継承
23821,からしな,からしな,野菜類,葉菜類,非結球あぶらな科葉菜類,crop,黄からしな、葉からしな、やましおな、レッドアジアンマスタード、グリーンマスタード、セリフォン,完全一致
23828,にんじん(葉),にんじん(葉),野菜類,根菜類,,sub_item,金時にんじん、西洋にんじん、島にんじん,ベース一致
23847,ザーサイ,ザーサイ,野菜類,あぶらな科野菜(花蕾及び茎),あぶらな科茎野菜,crop,茎タカナ、海野（肥大茎）、四川搾菜（肥大茎）,完全一致
24097,果樹類(ブルーベリーを除く),果樹類(ブルーベリーを除く),果樹類,その他果樹類,,exclusion_group,,ver3継承
24100,野菜類(トマト、ミニトマトを除く),野菜類(トマト、ミニトマトを除く),野菜類,その他野菜類,,exclusion_group,,ver3継承
24209,きゅうり(花),きゅうり(花),野菜類,うり類,うり類（未成熟）,sub_item,乙事赤うり,ベース一致
24211,きゅうり(葉),きゅうり(葉),野菜類,うり類,うり類（未成熟）,sub_item,乙事赤うり,ベース一致
24218,しそ科葉菜類(えごま(葉)、しそを除く),しそ科葉菜類(えごま(葉)、しそを除く),野菜類,葉菜類,,exclusion_group,,ver3継承
24229,なんてん(葉),なんてん(葉),樹木類,,,sub_item,,ベース一致
24231,せり科葉菜類(みつば、コリアンダー(葉)、セルリー、せり(水耕栽培)、あしたばを除く),せり科葉菜類(みつば、コリアンダー(葉)、セルリー、せり(水耕栽培)、あしたばを除く),野菜類,葉菜類,,exclusion_group,,ver3継承
24248,食用ミニバラ,食用ミニバラ,野菜類,食用花,,crop,食用バラ,完全一致
24279,ラナンキュラス,ラナンキュラス,花き類・観葉植物,,,crop,,完全一致
24412,わさびだいこん,わさびだいこん,野菜類,根菜類,,crop,ホースラディッシュ、西洋わさび,完全一致
24465,せり科葉菜類(みつば、パセリ、セルリーを除く),せり科葉菜類(みつば、パセリ、セルリーを除く),野菜類,葉菜類,,exclusion_group,,ver3継承
24500,うり類(漬物用)(しろうり、とうがんを除く),うり類(漬物用)(しろうり、とうがんを除く),野菜類,うり類,,exclusion_group,,ver3継承
24583,しそ科葉菜類(バジルを除く),しそ科葉菜類(バジルを除く),野菜類,葉菜類,,exclusion_group,,ver3継承
24591,タラゴン,タラゴン,野菜類,葉菜類,レタス類以外のきく科葉菜類,crop,エストラゴン、フレンチタラゴン、ロシアンタラゴン,完全一致
24593,ゆきのした,ゆきのした,野菜類,葉菜類,,crop,,完全一致
24610,食用ペンタス,食用ペンタス,野菜類,食用花,,crop,,完全一致
24621,さつき,さつき,樹木類,つつじ類,,crop,,完全一致
24709,小粒核果類(うめを除く),小粒核果類(うめを除く),果樹類,核果類,,exclusion_group,,ver3継承
24738,野菜類(なすを除く),野菜類(なすを除く),野菜類,その他野菜類,,exclusion_group,,ver3継承
24906,ピタヤ,ピタヤ,果樹類,,,crop,ドラゴンフルーツ,完全一致
24907,アマランサス(茎葉),アマランサス(茎葉),穀類,雑穀類,,sub_item,,ver3継承
24947,せり科葉菜類(コリアンダー(葉)、セルリー、パセリ、みつば、せりを除く),せり科葉菜類(コリアンダー(葉)、セルリー、パセリ、みつば、せりを除く),野菜類,葉菜類,,exclusion_group,,ver3継承
24965,オクラ(施設栽培),オクラ(施設栽培),野菜類,,,variant,,ベース一致
24968,しそ科葉菜類(しそを除く),しそ科葉菜類(しそを除く),野菜類,葉菜類,,exclusion_group,,ver3継承
24975,やなぎたで,やなぎたで,野菜類,葉菜類,,crop,アユタデ、ほんたで、マタデ,完全一致
24977,未成熟ささげ(施設栽培),未成熟ささげ(施設栽培),野菜類,豆類(未成熟),,variant,十六ささげ、あきしまささげ,ベース一致
24978,はまぼうふう(葉),はまぼうふう(葉),野菜類,根菜類,,sub_item,,ver3継承
24982,食用かえで(葉),食用かえで(葉),野菜類,食用花,,sub_item,,ver3継承
24983,きく(葉)(施設栽培),きく(葉)(施設栽培),花き類・観葉植物,,,variant,,ベース一致
24984,食用ぎく(施設栽培),食用ぎく(施設栽培),野菜類,食用花,,variant,,ベース一致
24986,きく(施設栽培),きく(施設栽培),花き類・観葉植物,,,variant,,ベース一致
24989,ポインセチア(施設栽培),ポインセチア(施設栽培),樹木類,,,variant,,ベース一致
24994,デイゴ,デイゴ,樹木類,,,crop,,完全一致
25323,かき(葉),かき(葉),果樹類,,,sub_item,,ベース一致
25385,アボカド,アボカド,果樹類,,,crop,,完全一致
25396,あけび(茎葉),あけび(茎葉),野菜類,その他野菜類,,sub_item,,ver3継承
25509,樹木類(まさき、さるすべり、じんちょうげ、ポプラ、ぼけ、やなぎ、せいようきんしばいを除く),樹木類(まさき、さるすべり、じんちょうげ、ポプラ、ぼけ、やなぎ、せいようきんしばいを除く),樹木類,その他樹木類,,exclusion_group,,ver3継承
25511,さるすべり,さるすべり,樹木類,,,crop,,完全一致
25512,じんちょうげ,じんちょうげ,樹木類,,,crop,,完全一致
25514,ポプラ,ポプラ,樹木類,,,crop,,完全一致
25541,ふさすぐり,ふさすぐり,果樹類,ベリー類等の小粒果実類,ベリー類,crop,カーランツ、カラント、カランツ、アカフサスグリ、クロフサスグリ、カシス,完全一致
25718,キウイフルーツ(苗木),キウイフルーツ(苗木),果樹類,,,sub_item,,ベース一致
25758,アスパラガス(露地栽培),アスパラガス(露地栽培),野菜類,茎野菜類,,variant,,ベース一致
25769,うるし,うるし,樹木類,,,crop,,完全一致
25991,雑穀類,雑穀類,穀類,雑穀類,,group,,ver3継承
25992,野菜類(だいこん、えだまめ、豆類(種実、ただし、らっかせいを除く)、いも類、ねぎ、たまねぎ、トマト、きゅうり、なす、アスパラガス、オリーブ(葉)、たらのき、びわ(葉)、ほうれんそう、レタス、とうがらし類、にんじん、ピーマン、薬用にんじんを除く),野菜類(だいこん、えだまめ、豆類(種実、ただし、らっかせいを除く)、いも類、ねぎ、たまねぎ、トマト、きゅうり、なす、アスパラガス、オリーブ(葉)、たらのき、びわ(葉)、ほうれんそう、レタス、とうがらし類、にんじん、ピーマン、薬用にんじんを除く),薬用作物,NULL,,exclusion_group,,ver3継承
26019,いも類(かんしょを除く),いも類(かんしょを除く),野菜類,いも類,,exclusion_group,,ver3継承
26394,フランネルフラワー(ポット・プランター等の容器栽培),フランネルフラワー(ポット・プランター等の容器栽培),花き類・観葉植物,切花類,,sub_item,,ver3継承
26443,たまねぎ(露地マルチ栽培),たまねぎ(露地マルチ栽培),野菜類,鱗茎類,鱗茎類（根物）,sub_item,,ベース一致
26452,雑穀、豆類等,雑穀、豆類等,穀類,雑穀類,,crop,,ver3継承
26453,果実、野菜、種苗等,果実、野菜、種苗等,野菜類,その他野菜類,,crop,,ver3継承
26454,木材、竹材等,木材、竹材等,適用地帯等,NULL,,crop,,ver3継承
26461,切花(きく、らん等),切花(きく、らん等),花き類・観葉植物,切花類,,sub_item,,ver3継承
26494,野菜類(施設栽培),野菜類(施設栽培),野菜類,その他野菜類,,variant,,ver3継承
26610,樹木類(さくらを除く),樹木類(さくらを除く),樹木類,その他樹木類,,exclusion_group,,ver3継承
26684,しそ科葉菜類,しそ科葉菜類,野菜類,葉菜類,,group,,ver3継承
26938,球根花き,球根花き,花き類・観葉植物,球根花き,,crop,,ver3継承
26941,こうぞ,こうぞ,樹木類,,,crop,,完全一致
26942,みつまた,みつまた,樹木類,,,crop,,完全一致
26961,接触型除草剤(樹園地)の登録内容の作物,接触型除草剤(樹園地)の登録内容の作物,適用地帯等,NULL,,sub_item,,ver3継承
26963,非選択性茎葉処理型除草剤の登録内容の作物,非選択性茎葉処理型除草剤の登録内容の作物,適用地帯等,NULL,,crop,,ver3継承
26965,果樹類(休眠期散布),果樹類(休眠期散布),果樹類,その他果樹類,,sub_item,,ver3継承
26978,しいたけ,しいたけ,きのこ類,,,crop,,完全一致
27126,花き類・観葉植物(ばら、スターチス、宿根かすみそう、ゆり、りんどうを除く),花き類・観葉植物(ばら、スターチス、宿根かすみそう、ゆり、りんどうを除く),花き類・観葉植物,切花類,,exclusion_group,,ver3継承
27139,樹木類(かしを除く),樹木類(かしを除く),樹木類,その他樹木類,,exclusion_group,,ver3継承
27141,かし,かし,樹木類,かし類,,crop,,ver3継承
27319,すいぜんじな,すいぜんじな,野菜類,葉菜類,レタス類以外のきく科葉菜類,crop,金時草、ハンダマ,完全一致
27332,花き類・観葉植物(きく、きんせんかを除く),花き類・観葉植物(きく、きんせんかを除く),花き類・観葉植物,切花類,,exclusion_group,,ver3継承
27334,メロン(施設栽培),メロン(施設栽培),野菜類,うり類,うり類（成熟）,variant,アールスメロン、アムスメロン、アンデスメロン,ベース一致
27338,なす(施設栽培),なす(施設栽培),野菜類,なす科果菜類,,variant,,ベース一致
27340,トマト(施設栽培),トマト(施設栽培),野菜類,なす科果菜類,,variant,,ベース一致
27342,ししとう(施設栽培),ししとう(施設栽培),野菜類,なす科果菜類,ピーマン及びとうがらし類,variant,ししとうがらし、獅子唐、葵ししとう,ベース一致
27343,みつば(施設栽培、ただし、水耕栽培を除く),みつば(施設栽培、ただし、水耕栽培を除く),野菜類,葉菜類,せり科葉菜類,exclusion_group,青みつば、切りみつば、根みつば,ベース一致
27429,ゴレンシ,ゴレンシ,果樹類,,,crop,スターフルーツ,完全一致
27456,やまのいも(種芋栽培),やまのいも(種芋栽培),野菜類,いも類,,sub_item,やまといも、自然薯、丸いも、ながいも、とっくりいも、いせいも、いちょういも、つくねいも、だいじょ,ベース一致
27462,豆類(未成熟、ただし、えだまめ、さやいんげん、さやえんどうを除く),豆類(未成熟、ただし、えだまめ、さやいんげん、さやえんどうを除く),野菜類,豆類,,exclusion_group,,ver3継承
27559,つるな,つるな,野菜類,葉菜類,,crop,はまな、はまぢしゃ,完全一致
27560,レモンバーム,レモンバーム,野菜類,葉菜類,しそ科葉菜類,crop,セイヨウヤマハッカ,完全一致
27561,セージ,セージ,野菜類,葉菜類,しそ科葉菜類,crop,コモンセージ、パイナップルセージ、チェリーセージ、レッドセージ,完全一致
27563,タイム,タイム,野菜類,葉菜類,しそ科葉菜類,crop,コモンタイム、クリーピングタイム、レモンタイム,完全一致
27564,マジョラム,マジョラム,野菜類,葉菜類,しそ科葉菜類,crop,スイートマージョラム、ポットマジョラム、ゴールデンマジョラム、マヨラナ,完全一致
27565,オレガノ,オレガノ,野菜類,葉菜類,,crop,,ver3継承
27618,チャービル,チャービル,野菜類,葉菜類,せり科葉菜類,crop,ウイキョウゼリ、セルフィーユ,完全一致
27619,ディル(葉),ディル(葉),野菜類,葉菜類,,sub_item,,ver3継承
27628,クレソン,クレソン,野菜類,,,crop,ウォータークレス,完全一致
27631,びゃくし,びゃくし,薬用作物,NULL,,crop,,ver3継承
27641,花き類・観葉植物(ストックを除く),花き類・観葉植物(ストックを除く),花き類・観葉植物,切花類,,exclusion_group,,ver3継承
27645,樹木類(まつ、やなぎを除く),樹木類(まつ、やなぎを除く),樹木類,その他樹木類,,exclusion_group,,ver3継承
27689,ひこしまはるな,ひこしまはるな,野菜類,葉菜類,,crop,,ver3継承
27920,落葉果樹(なし、りんご、かき、もも),落葉果樹(なし、りんご、かき、もも),果樹類,その他果樹類,,sub_item,,ver3継承
27923,落葉果樹(ぶどうを除く),落葉果樹(ぶどうを除く),果樹類,その他果樹類,,exclusion_group,,ver3継承
27925,りんご(北部日本 芽生前に散布の場合),りんご(北部日本 芽生前に散布の場合),果樹類,仁果類,,sub_item,,ベース一致
28216,豆類(未成熟、ただし、えだまめ、実えんどう、さやえんどう、さやいんげんを除く),豆類(未成熟、ただし、えだまめ、実えんどう、さやえんどう、さやいんげんを除く),野菜類,豆類,,exclusion_group,,ver3継承
28237,かぼちゃ(日本かぼちゃ),かぼちゃ(日本かぼちゃ),野菜類,うり類,うり類（成熟）,sub_item,日本かぼちゃ、西洋かぼちゃ、ぺぽかぼちゃ（ズッキーニを除く）,ベース一致
28292,非結球あぶらな科葉菜類(こまつな、チンゲンサイ、なばな類、非結球はくさい、非結球メキャベツを除く),非結球あぶらな科葉菜類(こまつな、チンゲンサイ、なばな類、非結球はくさい、非結球メキャベツを除く),野菜類,あぶらな科野菜(花蕾及び茎),,exclusion_group,,ver3継承
28369,つわぶき,つわぶき,野菜類,茎野菜類,ふき類,crop,,完全一致
29365,ズッキーニ(花),ズッキーニ(花),野菜類,うり類,うり類（未成熟）,sub_item,,ベース一致
29638,結球あぶらな科葉菜類(キャベツを除く),結球あぶらな科葉菜類(キャベツを除く),野菜類,葉菜類,,exclusion_group,,ver3継承
29648,花き類・観葉植物(きんせんか、ホワイトレースフラワーを除く),花き類・観葉植物(きんせんか、ホワイトレースフラワーを除く),花き類・観葉植物,切花類,,exclusion_group,,ver3継承
29731,メロン(地床),メロン(地床),野菜類,うり類,うり類（成熟）,sub_item,アールスメロン、アムスメロン、アンデスメロン,ベース一致
29732,メロン(揚床),メロン(揚床),野菜類,うり類,うり類（成熟）,sub_item,アールスメロン、アムスメロン、アンデスメロン,ベース一致
30585,野菜類(キャベツ、はくさいを除く),野菜類(キャベツ、はくさいを除く),野菜類,その他野菜類,,exclusion_group,,ver3継承
30592,うり科野菜類,うり科野菜類,野菜類,うり類,,group,,ver3継承
30601,ふじまめ,ふじまめ,野菜類,豆類(種実),,crop,千石豆、カガツルマメ、ツルマメ,完全一致
30611,からしな(種子),からしな(種子),野菜類,葉菜類,非結球あぶらな科葉菜類,sub_item,,ベース一致(補完)
30690,花き類・観葉植物(きく、宿根かすみそう、りんどうを除く),花き類・観葉植物(きく、宿根かすみそう、りんどうを除く),花き類・観葉植物,切花類,,exclusion_group,,ver3継承
30696,大麦(秋播栽培),大麦(秋播栽培),穀類,麦類,,variant,二条種、六条種、はだか麦,ベース一致
30721,豆類(種実)(施設栽培),豆類(種実)(施設栽培),野菜類,豆類,,variant,,ver3継承
30723,花き類・観葉植物(施設栽培),花き類・観葉植物(施設栽培),花き類・観葉植物,切花類,,variant,,ver3継承
30724,レタス(秋播栽培),レタス(秋播栽培),野菜類,葉菜類,レタス類,variant,クリスプヘッド型たまちしゃ,ベース一致
30727,レタス(春播栽培),レタス(春播栽培),野菜類,葉菜類,レタス類,variant,クリスプヘッド型たまちしゃ,ベース一致
30735,ごぼう(べたがけ栽培),ごぼう(べたがけ栽培),野菜類,根菜類,,sub_item,,ベース一致
30908,野菜類(キャベツ、たまねぎを除く),野菜類(キャベツ、たまねぎを除く),野菜類,その他野菜類,,exclusion_group,,ver3継承
30956,桑園,桑園,その他の食用作物,NULL,,crop,,ver3継承
31025,花き類・観葉植物(カーネーションを除く),花き類・観葉植物(カーネーションを除く),花き類・観葉植物,切花類,,exclusion_group,,ver3継承
31028,樹木類(こでまり、ポインセチア、やなぎを除く),樹木類(こでまり、ポインセチア、やなぎを除く),樹木類,その他樹木類,,exclusion_group,,ver3継承
31361,非結球あぶらな科葉菜類(なばな類、のざわな、チンゲンサイ、こまつなを除く),非結球あぶらな科葉菜類(なばな類、のざわな、チンゲンサイ、こまつなを除く),野菜類,あぶらな科野菜(花蕾及び茎),,exclusion_group,,ver3継承
31456,マーガレット,マーガレット,花き類・観葉植物,,,crop,,完全一致
31461,ひえ(水田移植栽培),ひえ(水田移植栽培),穀類,イネ科雑穀類,,sub_item,,ベース一致
31836,いも類(やまのいもを除く),いも類(やまのいもを除く),野菜類,いも類,,exclusion_group,,ver3継承
31888,あさつき(伏せ込み栽培),あさつき(伏せ込み栽培),野菜類,鱗茎類,鱗茎類（葉物）,sub_item,イトネギ、センボンワケギ,ベース一致
31892,樹木類(アカギを除く),樹木類(アカギを除く),樹木類,その他樹木類,,exclusion_group,,ver3継承
31893,アカギ,アカギ,樹木類,その他樹木類,,crop,,ver3継承
31922,畑作物,畑作物,適用地帯等,NULL,,crop,,ver3継承
31923,野菜類(えだまめ、キャベツ、はつかだいこん、だいこん、とうがらし類、にんじん、ピーマン、ねぎ、たまねぎ、アスパラガス、オリーブ(葉)、きゅうり、たらのき、トマト、なす、びわ(葉)、ほうれんそう、レタス、薬用にんじん、豆類(種実、ただし、らっかせいを除く)、かんしょを除く),野菜類(えだまめ、キャベツ、はつかだいこん、だいこん、とうがらし類、にんじん、ピーマン、ねぎ、たまねぎ、アスパラガス、オリーブ(葉)、きゅうり、たらのき、トマト、なす、びわ(葉)、ほうれんそう、レタス、薬用にんじん、豆類(種実、ただし、らっかせいを除く)、かんしょを除く),薬用作物,NULL,,exclusion_group,,ver3継承
32066,樹木類(プラタナス、くろまつ、あかまつ、アカギを除く),樹木類(プラタナス、くろまつ、あかまつ、アカギを除く),樹木類,その他樹木類,,exclusion_group,,ver3継承
32070,くろまつ,くろまつ,樹木類,まつ類,,crop,,完全一致
32530,野菜類(トマトを除く),野菜類(トマトを除く),野菜類,その他野菜類,,exclusion_group,,ver3継承
32633,小麦(春播),小麦(春播),穀類,麦類,,variant,,ベース一致
32700,とちのき,とちのき,樹木類,,,crop,,完全一致
33023,グアバ(葉),グアバ(葉),果樹類,その他果樹類,,sub_item,,ver3継承
33049,非結球あぶらな科葉菜類(みずな、非結球はくさいを除く),非結球あぶらな科葉菜類(みずな、非結球はくさいを除く),野菜類,葉菜類,,exclusion_group,,ver3継承
33138,食用花(かんぞう(花)、食用ぎく、食用ミニバラを除く),食用花(かんぞう(花)、食用ぎく、食用ミニバラを除く),野菜類,食用花,,exclusion_group,,ver3継承
33448,花き類・観葉植物(ばら、きく、カーネーション、デルフィニウムを除く),花き類・観葉植物(ばら、きく、カーネーション、デルフィニウムを除く),花き類・観葉植物,切花類,,exclusion_group,,ver3継承
33583,かぼちゃ(露地栽培),かぼちゃ(露地栽培),野菜類,うり類,うり類（成熟）,variant,日本かぼちゃ、西洋かぼちゃ、ぺぽかぼちゃ（ズッキーニを除く）,ベース一致
33585,ぺぽかぼちゃ(種子)(露地栽培),ぺぽかぼちゃ(種子)(露地栽培),野菜類,うり類,,variant,,ver3継承
33700,すずらん,すずらん,花き類・観葉植物,,,crop,,完全一致
33748,飼料用えんばく,飼料用えんばく,飼料作物,,,crop,,完全一致
33857,野菜類(なす、トマト、ミニトマト、しゅんぎくを除く),野菜類(なす、トマト、ミニトマト、しゅんぎくを除く),野菜類,その他野菜類,,exclusion_group,,ver3継承
33947,乾田直播水稲,乾田直播水稲,穀類,稲,,crop,,ver3継承
34049,豆類(未成熟、ただし、未成熟そらまめを除く),豆類(未成熟、ただし、未成熟そらまめを除く),野菜類,豆類,,exclusion_group,,ver3継承
34565,しそ科葉菜類(えごま(葉)を除く),しそ科葉菜類(えごま(葉)を除く),野菜類,葉菜類,,exclusion_group,,ver3継承
34637,果樹類(りんご、かんきつを除く),果樹類(りんご、かんきつを除く),果樹類,かんきつ,,exclusion_group,,ver3継承
34918,結球あぶらな科葉菜類(はくさい、キャベツを除く),結球あぶらな科葉菜類(はくさい、キャベツを除く),野菜類,葉菜類,,exclusion_group,,ver3継承
34923,非結球あぶらな科葉菜類(こまつな、チンゲンサイ、タアサイ、みずなを除く),非結球あぶらな科葉菜類(こまつな、チンゲンサイ、タアサイ、みずなを除く),野菜類,葉菜類,,exclusion_group,,ver3継承
34969,とうき(葉),とうき(葉),薬用作物,,,sub_item,,ベース一致
35035,りんご(ふじ、王林、ジョナゴールド、つがる、千秋、さんさ、紅玉、シナノスイート、昴林、涼香の季節),りんご(ふじ、王林、ジョナゴールド、つがる、千秋、さんさ、紅玉、シナノスイート、昴林、涼香の季節),果樹類,仁果類,,sub_item,,ベース一致
35051,バナナ,バナナ,果樹類,,,crop,,完全一致
35112,むくげ(施設栽培),むくげ(施設栽培),花き類・観葉植物,花木類,,variant,,ver3継承
35172,豆類(未成熟、ただし、えだまめを除く),豆類(未成熟、ただし、えだまめを除く),野菜類,豆類,,exclusion_group,,ver3継承
35176,雑穀類(とうもろこしを除く),雑穀類(とうもろこしを除く),穀類,雑穀類,,exclusion_group,,ver3継承
35221,はなみずき,はなみずき,樹木類,,,crop,,完全一致
35615,花き類・観葉植物(きく、ばら、サルビアを除く),花き類・観葉植物(きく、ばら、サルビアを除く),花き類・観葉植物,切花類,,exclusion_group,,ver3継承
35627,かなめもち,かなめもち,樹木類,,,crop,,完全一致
35643,野菜類(施設栽培、ただし、いちごを除く),野菜類(施設栽培、ただし、いちごを除く),野菜類,その他野菜類,,exclusion_group,,ver3継承
35672,雑穀類(そばを除く),雑穀類(そばを除く),穀類,雑穀類,,exclusion_group,,ver3継承
35797,非結球あぶらな科葉菜類(こまつな、ケール、チンゲンサイ、のざわなを除く),非結球あぶらな科葉菜類(こまつな、ケール、チンゲンサイ、のざわなを除く),野菜類,葉菜類,,exclusion_group,,ver3継承
35829,うこぎ,うこぎ,野菜類,葉菜類,,crop,ウコギ（ヤマウコギ）、ヒメウコギ,完全一致
35848,花き類・観葉植物(宿根アスター、トルコギキョウ、きくを除く),花き類・観葉植物(宿根アスター、トルコギキョウ、きくを除く),花き類・観葉植物,切花類,,exclusion_group,,ver3継承
36634,ペチュニア(ポット・プランター等の容器栽培),ペチュニア(ポット・プランター等の容器栽培),花き類・観葉植物,,,sub_item,,ベース一致
36636,花き類・観葉植物(ポット・プランター等の容器栽培)(ペチュニアを除く),花き類・観葉植物(ポット・プランター等の容器栽培)(ペチュニアを除く),花き類・観葉植物,切花類,,exclusion_group,,ver3継承
36907,パイナップル(苗木),パイナップル(苗木),果樹類,,,sub_item,,ベース一致
36963,非結球あぶらな科葉菜類(こまつな、チンゲンサイ、なばな類、みずなを除く),非結球あぶらな科葉菜類(こまつな、チンゲンサイ、なばな類、みずなを除く),野菜類,あぶらな科野菜(花蕾及び茎),,exclusion_group,,ver3継承
37079,うり類(漬物用、ただし、とうがん、食用へちまを除く),うり類(漬物用、ただし、とうがん、食用へちまを除く),野菜類,うり類,,exclusion_group,,ver3継承
37212,樹木類(げっきつを除く),樹木類(げっきつを除く),樹木類,その他樹木類,,exclusion_group,,ver3継承
37299,とうがらし(葉),とうがらし(葉),野菜類,なす科果菜類,ピーマン及びとうがらし類,sub_item,鷹の爪、八房、日光とうがらし、札幌大長とうがらし,ベース一致
37389,花き類・観葉植物(きく、ガーベラを除く),花き類・観葉植物(きく、ガーベラを除く),花き類・観葉植物,切花類,,exclusion_group,,ver3継承
37868,非結球あぶらな科葉菜類(チンゲンサイ、畑わさびを除く),非結球あぶらな科葉菜類(チンゲンサイ、畑わさびを除く),野菜類,葉菜類,,exclusion_group,,ver3継承
37876,豆類(未成熟、ただし、えだまめ、さやいんげん、さやえんどう、実えんどう、未成熟ささげ、未成熟そらまめを除く),豆類(未成熟、ただし、えだまめ、さやいんげん、さやえんどう、実えんどう、未成熟ささげ、未成熟そらまめを除く),野菜類,豆類,,exclusion_group,,ver3継承
37950,食用コスモス,食用コスモス,野菜類,食用花,,crop,,完全一致
37979,樹木類(つつじ類、つばき類を除く),樹木類(つつじ類、つばき類を除く),樹木類,つつじ類,,exclusion_group,,ver3継承
38738,樹木類(さくら、プラタナスを除く),樹木類(さくら、プラタナスを除く),樹木類,その他樹木類,,exclusion_group,,ver3継承
38742,樹木類(つつじ類、とちのき、プラタナス、さんごじゅ、ひいらぎもくせい、いぬまき、あじさい、さくらを除く),樹木類(つつじ類、とちのき、プラタナス、さんごじゅ、ひいらぎもくせい、いぬまき、あじさい、さくらを除く),樹木類,つつじ類,,exclusion_group,,ver3継承
38773,ひいらぎもくせい,ひいらぎもくせい,樹木類,,,crop,,完全一致
38930,樹木類(つつじ類、まさき、さるすべり、さざんかを除く),樹木類(つつじ類、まさき、さるすべり、さざんかを除く),樹木類,つつじ類,,exclusion_group,,ver3継承
39106,大麦(裸麦を除く),大麦(裸麦を除く),穀類,麦類,,exclusion_group,二条種、六条種、はだか麦,ベース一致
39273,野菜類(豆類(種実)を除く),野菜類(豆類(種実)を除く),野菜類,豆類,,exclusion_group,,ver3継承
39564,豆類(種実、ただし、だいず、いんげんまめ、えんどうまめ、らっかせいを除く),豆類(種実、ただし、だいず、いんげんまめ、えんどうまめ、らっかせいを除く),野菜類,豆類,,exclusion_group,,ver3継承
39600,非結球あぶらな科葉菜類(みずな、チンゲンサイを除く),非結球あぶらな科葉菜類(みずな、チンゲンサイを除く),野菜類,葉菜類,,exclusion_group,,ver3継承
39739,食用おおばこ(種子),食用おおばこ(種子),野菜類,食用花,,sub_item,,ver3継承
39741,いんちんこう,いんちんこう,薬用作物,NULL,,crop,,ver3継承
39862,花き類・観葉植物(きく、トルコギキョウを除く),花き類・観葉植物(きく、トルコギキョウを除く),花き類・観葉植物,切花類,,exclusion_group,,ver3継承
40068,野菜類(水耕栽培),野菜類(水耕栽培),野菜類,その他野菜類,,sub_item,,ver3継承
40134,うり類(未成熟),うり類(未成熟),野菜類,うり類,,sub_item,,ver3継承
40173,水田作物,水田作物,適用地帯等,水田作物,,crop,,手動分類
40184,食用桑(葉),食用桑(葉),その他の食用作物,NULL,,sub_item,,ver3継承
40187,せり科葉菜類(パセリを除く),せり科葉菜類(パセリを除く),野菜類,葉菜類,,exclusion_group,,ver3継承
41681,ぶどう(巨峰),ぶどう(巨峰),果樹類,ベリー類等の小粒果実類,,sub_item,小粒種ぶどう（デラウェア、シラガブドウ、やまぶどう）、大粒種ぶどう（巨峰系４倍体品種）,ベース一致
41682,かんきつ(温州みかん、清見、日向夏、ワシントンネーブルを除く),かんきつ(温州みかん、清見、日向夏、ワシントンネーブルを除く),果樹類,かんきつ,,exclusion_group,,ver3継承
41949,野菜類(きゅうり、トマト、なす、アスパラガス、ほうれんそう、たらのき、レタス、オリーブ(葉)、びわ(葉)、ピーマン及びとうがらし類、にんじん、薬用にんじん、だいこん、ねぎ、たまねぎ、豆類(種実)、えだまめ、かんしょを除く),野菜類(きゅうり、トマト、なす、アスパラガス、ほうれんそう、たらのき、レタス、オリーブ(葉)、びわ(葉)、ピーマン及びとうがらし類、にんじん、薬用にんじん、だいこん、ねぎ、たまねぎ、豆類(種実)、えだまめ、かんしょを除く),薬用作物,NULL,,exclusion_group,,ver3継承
41959,ピーマン及びとうがらし類,ピーマン及びとうがらし類,野菜類,なす科果菜類,,group,,ver3継承
41998,きのこ類(原木栽培),きのこ類(原木栽培),きのこ類,NULL,,sub_item,,ver3継承
41999,きのこ類(えのきたけ、しいたけ、なめこ、ひらたけを除く)(菌床栽培),きのこ類(えのきたけ、しいたけ、なめこ、ひらたけを除く)(菌床栽培),きのこ類,NULL,,exclusion_group,,ver3継承
42001,えのきたけ(菌床栽培),えのきたけ(菌床栽培),きのこ類,,,sub_item,,ベース一致
42002,なめこ(菌床栽培),なめこ(菌床栽培),きのこ類,,,sub_item,,ベース一致
42003,ひらたけ(菌床栽培),ひらたけ(菌床栽培),きのこ類,,,sub_item,,ベース一致
42584,かんしょ(苗床),かんしょ(苗床),野菜類,いも類,,variant,さつまいも、シモンいも,ベース一致
42789,ベリー類(ブルーベリーを除く),ベリー類(ブルーベリーを除く),果樹類,ベリー類等の小粒果実類,,exclusion_group,,ver3継承
43506,花き類・観葉植物(きく、ばら、プリムラ、シンビジウムを除く),花き類・観葉植物(きく、ばら、プリムラ、シンビジウムを除く),花き類・観葉植物,切花類,,exclusion_group,,ver3継承
43552,かんきつ(不知火、ぽんかん、かぼす、はるみ、ワシントンネーブル、日向夏、すだち、平兵衛酢、長門ユズキチ(無核)、温州みかん、きんかんを除く),かんきつ(不知火、ぽんかん、かぼす、はるみ、ワシントンネーブル、日向夏、すだち、平兵衛酢、長門ユズキチ(無核)、温州みかん、きんかんを除く),果樹類,かんきつ,,exclusion_group,,ver3継承
43612,種いも用ばれいしょ,種いも用ばれいしょ,野菜類,いも類,,crop,,ver3継承
43981,非結球あぶらな科葉菜類(こまつな、みずな、なばな類を除く),非結球あぶらな科葉菜類(こまつな、みずな、なばな類を除く),野菜類,あぶらな科野菜(花蕾及び茎),,exclusion_group,,ver3継承
44391,豆類(種実、ただし、らっかせい、だいず、いんげんまめを除く),豆類(種実、ただし、らっかせい、だいず、いんげんまめを除く),野菜類,豆類,,exclusion_group,,ver3継承
44672,豆類(種実、ただし、らっかせい、あずき、いんげんまめを除く),豆類(種実、ただし、らっかせい、あずき、いんげんまめを除く),野菜類,豆類,,exclusion_group,,ver3継承
44691,プンタレッラ,プンタレッラ,野菜類,葉菜類,レタス類,crop,,完全一致
45364,樹木類(つつじ類、ポインセチアを除く),樹木類(つつじ類、ポインセチアを除く),樹木類,つつじ類,,exclusion_group,,ver3継承
45367,花き類・観葉植物(きく、宿根スターチス、カーネーション、アリウムを除く),花き類・観葉植物(きく、宿根スターチス、カーネーション、アリウムを除く),花き類・観葉植物,切花類,,exclusion_group,,ver3継承
45443,花き類・観葉植物(りんどうを除く),花き類・観葉植物(りんどうを除く),花き類・観葉植物,切花類,,exclusion_group,,ver3継承
45728,果樹類(かんきつ、キウイフルーツ、パイナップルを除く),果樹類(かんきつ、キウイフルーツ、パイナップルを除く),果樹類,かんきつ,,exclusion_group,,ver3継承
45734,たまねぎ(秋播移植栽培),たまねぎ(秋播移植栽培),野菜類,鱗茎類,鱗茎類（根物）,variant,,ベース一致
45798,野菜類(いちご、トマト、ミニトマト、きゅうり、なすを除く),野菜類(いちご、トマト、ミニトマト、きゅうり、なすを除く),野菜類,その他野菜類,,exclusion_group,,ver3継承
46812,いも類(施設栽培),いも類(施設栽培),野菜類,いも類,,variant,,ver3継承
46816,果樹類(施設栽培),果樹類(施設栽培),果樹類,その他果樹類,,variant,,ver3継承
46817,花き類・観葉植物(施設栽培、ただし、ばらを除く),花き類・観葉植物(施設栽培、ただし、ばらを除く),花き類・観葉植物,切花類,,exclusion_group,,ver3継承
46953,野菜類(はくさいを除く),野菜類(はくさいを除く),野菜類,その他野菜類,,exclusion_group,,ver3継承
47083,樹木類(いぬつげを除く),樹木類(いぬつげを除く),樹木類,その他樹木類,,exclusion_group,,ver3継承
47345,花き類・観葉植物(ばら、ベゴニア、はぼたん、ガーベラを除く),花き類・観葉植物(ばら、ベゴニア、はぼたん、ガーベラを除く),花き類・観葉植物,切花類,,exclusion_group,,ver3継承
47357,クロトン,クロトン,樹木類,,,crop,,完全一致
47789,雑穀類(そば、とうもろこしを除く),雑穀類(そば、とうもろこしを除く),穀類,雑穀類,,exclusion_group,,ver3継承
47803,野菜類(えだまめ、はくさい、キャベツ、アスパラガス、レタス、ねぎ、たまねぎ、にんにく、ほうれんそう、にんじん、だいこん、トマト、ピーマン、とうがらし類、きゅうり、なす、びわ(葉)、オリーブ(葉)、たらのき、薬用にんじん、いも類、豆類(種実)を除く),野菜類(えだまめ、はくさい、キャベツ、アスパラガス、レタス、ねぎ、たまねぎ、にんにく、ほうれんそう、にんじん、だいこん、トマト、ピーマン、とうがらし類、きゅうり、なす、びわ(葉)、オリーブ(葉)、たらのき、薬用にんじん、いも類、豆類(種実)を除く),薬用作物,NULL,,exclusion_group,,ver3継承
47870,まつ(下刈り),まつ(下刈り),樹木類,まつ類,,sub_item,,ver3継承
48131,樹木類(さくら、つつじ類、つばき類、くちなし、まさき、さんごじゅを除く),樹木類(さくら、つつじ類、つばき類、くちなし、まさき、さんごじゅを除く),樹木類,つつじ類,,exclusion_group,,ver3継承
48534,樹木類(つつじ類、つばき類、さくらを除く),樹木類(つつじ類、つばき類、さくらを除く),樹木類,つつじ類,,exclusion_group,,ver3継承
49313,まつ(枯損木),まつ(枯損木),樹木類,まつ類,,sub_item,,ver3継承
49585,花き類・観葉植物(きく、りんどうを除く),花き類・観葉植物(きく、りんどうを除く),花き類・観葉植物,切花類,,exclusion_group,,ver3継承
49965,ナメクジ類、カタツムリ類、アフリカマイマイ、ヒメリンゴマイマイが加害する農作物等,ナメクジ類、カタツムリ類、アフリカマイマイ、ヒメリンゴマイマイが加害する農作物等,適用地帯等,NULL,,crop,,ver3継承
50133,豆類(種実、ただし、あずき、そらまめ、だいずを除く),豆類(種実、ただし、あずき、そらまめ、だいずを除く),野菜類,豆類,,exclusion_group,,ver3継承
50380,野菜類(えだまめ、キャベツ、はつかだいこん、だいこん、とうがらし類、にんじん、ピーマン、ねぎ、たまねぎ、アスパラガス、オリーブ(葉)、きゅうり、しゃくやく(薬用)、たらのき、トマト、なす、びわ(葉)、ほうれんそう、レタス、薬用にんじんを除く),野菜類(えだまめ、キャベツ、はつかだいこん、だいこん、とうがらし類、にんじん、ピーマン、ねぎ、たまねぎ、アスパラガス、オリーブ(葉)、きゅうり、しゃくやく(薬用)、たらのき、トマト、なす、びわ(葉)、ほうれんそう、レタス、薬用にんじんを除く),薬用作物,NULL,,exclusion_group,,ver3継承
50432,木材こん包材,木材こん包材,適用地帯等,NULL,,crop,,ver3継承
51009,野菜類(キャベツを除く),野菜類(キャベツを除く),野菜類,その他野菜類,,exclusion_group,,ver3継承
51147,食用西洋たんぽぽ,食用西洋たんぽぽ,野菜類,葉菜類,レタス類以外のきく科葉菜類,crop,食用タンポポ、ダンデライオン,完全一致
51472,きく(切花用)(施設栽培),きく(切花用)(施設栽培),花き類・観葉植物,,,variant,,ベース一致
51474,きく(ポットマム)(施設栽培),きく(ポットマム)(施設栽培),花き類・観葉植物,,,variant,,ベース一致
51478,花き類・観葉植物(ばら、きく、はぼたん、マリーゴールド、カーネーションを除く),花き類・観葉植物(ばら、きく、はぼたん、マリーゴールド、カーネーションを除く),花き類・観葉植物,切花類,,exclusion_group,,ver3継承
51848,せり科葉菜類,せり科葉菜類,野菜類,葉菜類,,group,,ver3継承
51977,豆類(未成熟、ただし、えだまめ、さやいんげんを除く),豆類(未成熟、ただし、えだまめ、さやいんげんを除く),野菜類,豆類,,exclusion_group,,ver3継承
52006,ひのき(は種床),ひのき(は種床),樹木類,,,sub_item,,ベース一致
52749,けやき,けやき,樹木類,,,crop,,完全一致
52752,ヤシ,ヤシ,樹木類,ヤシ類,,crop,,ver3継承
53138,茶(幼木),茶(幼木),その他の食用作物,,,sub_item,,手動分類
53330,花き類・観葉植物(ばら、きく、トルコギキョウを除く),花き類・観葉植物(ばら、きく、トルコギキョウを除く),花き類・観葉植物,切花類,,exclusion_group,,ver3継承
53582,林木苗(床替床),林木苗(床替床),樹木類,その他樹木類,,sub_item,,ver3継承
53649,西洋芝,西洋芝,芝,西洋芝,,crop,,ver3継承
53677,なし(西洋なしを除く),なし(西洋なしを除く),果樹類,仁果類,,exclusion_group,日本なし、西洋なし、中国なし,ベース一致
53744,麦類(大麦、小麦(秋播)を除く),麦類(大麦、小麦(秋播)を除く),穀類,麦類,,exclusion_group,,ver3継承
53761,野菜類(えだまめ、たらのき、はくさい、キャベツ、レタス、ねぎ、たまねぎ、ほうれんそう、にんじん、だいこん、はつかだいこん、アスパラガス、トマト、きゅうり、なす、オリーブ(葉)、ピーマン及びとうがらし類、びわ(葉)、薬用にんじん、てんさい、豆類(種実、ただし、らっかせいを除く)、かんしょ、ばれいしょを除く),野菜類(えだまめ、たらのき、はくさい、キャベツ、レタス、ねぎ、たまねぎ、ほうれんそう、にんじん、だいこん、はつかだいこん、アスパラガス、トマト、きゅうり、なす、オリーブ(葉)、ピーマン及びとうがらし類、びわ(葉)、薬用にんじん、てんさい、豆類(種実、ただし、らっかせいを除く)、かんしょ、ばれいしょを除く),薬用作物,NULL,,exclusion_group,,ver3継承
53984,花き類・観葉植物(ストック、チューリップ、きく、カーネーション、トルコギキョウを除く),花き類・観葉植物(ストック、チューリップ、きく、カーネーション、トルコギキョウを除く),花き類・観葉植物,切花類,,exclusion_group,,ver3継承
54246,ふき(春どり露地栽培),ふき(春どり露地栽培),野菜類,茎野菜類,ふき類,sub_item,,ベース一致
54251,とうすけぼうふう,とうすけぼうふう,薬用作物,,,crop,,完全一致
54280,オキナワカンシャクシコメツキが加害する農作物等,オキナワカンシャクシコメツキが加害する農作物等,適用地帯等,NULL,,crop,,ver3継承
54434,はなやさい類,はなやさい類,野菜類,あぶらな科野菜(花蕾及び茎),,group,,ver3継承
54533,どくだみ,どくだみ,野菜類,葉菜類,,crop,,完全一致
54544,豆類(種実、ただし、だいず、らっかせい、いんげんまめを除く),豆類(種実、ただし、だいず、らっかせい、いんげんまめを除く),野菜類,豆類,,exclusion_group,,ver3継承
54576,花き類・観葉植物(きく、ゆり、チューリップ、りんどうを除く),花き類・観葉植物(きく、ゆり、チューリップ、りんどうを除く),花き類・観葉植物,切花類,,exclusion_group,,ver3継承
54828,果樹類(ぶどうを除く),果樹類(ぶどうを除く),果樹類,その他果樹類,,exclusion_group,,ver3継承
55004,マンゴー(施設栽培),マンゴー(施設栽培),果樹類,,,variant,,ベース一致
55006,野菜類(露地栽培),野菜類(露地栽培),野菜類,その他野菜類,,variant,,ver3継承
55202,花き類・観葉植物(ばら、きく、パンジーを除く),花き類・観葉植物(ばら、きく、パンジーを除く),花き類・観葉植物,切花類,,exclusion_group,,ver3継承
55222,つばき類(やぶつばきを除く),つばき類(やぶつばきを除く),花き類・観葉植物,花木類,,exclusion_group,,ver3継承
55223,やぶつばき,やぶつばき,樹木類,つばき類,,crop,,完全一致
55503,ベンジャミン,ベンジャミン,樹木類,,,crop,,完全一致
55708,すだじい,すだじい,樹木類,しい類,,crop,いたじい、しい,完全一致
55709,なら類,なら類,樹木類,なら類,,group,,ver3継承
55936,かんきつ(温州みかんを除く),かんきつ(温州みかんを除く),果樹類,かんきつ,,exclusion_group,,ver3継承
55940,オリーブ(交互結実栽培の非収穫年樹),オリーブ(交互結実栽培の非収穫年樹),果樹類,,,sub_item,,ベース一致
55941,かき(苗木),かき(苗木),果樹類,,,sub_item,,ベース一致
55942,くり(苗木),くり(苗木),果樹類,,,sub_item,,ベース一致
55943,キウイフルーツ(雄木),キウイフルーツ(雄木),果樹類,,,sub_item,,ベース一致
56233,きく(切花用),きく(切花用),花き類・観葉植物,,,sub_item,,ベース一致
56771,もも類,もも類,果樹類,核果類,,group,,ver3継承
57018,非結球あぶらな科葉菜類(タアサイ、非結球はくさい、なばな類を除く),非結球あぶらな科葉菜類(タアサイ、非結球はくさい、なばな類を除く),野菜類,あぶらな科野菜(花蕾及び茎),,exclusion_group,,ver3継承
57208,クレソン(土耕栽培),クレソン(土耕栽培),野菜類,,,sub_item,ウォータークレス,ベース一致
58534,花き類・観葉植物(ばら、花月を除く),花き類・観葉植物(ばら、花月を除く),花き類・観葉植物,切花類,,exclusion_group,,ver3継承
58542,花月,花月,花き類・観葉植物,,,crop,フチベニベンケイ、カネノナルキ,完全一致
58564,樹木類(つつじ類、ひいらぎもくせい、まさきを除く),樹木類(つつじ類、ひいらぎもくせい、まさきを除く),樹木類,つつじ類,,exclusion_group,,ver3継承
58625,野菜類(トマト、ミニトマト、ピーマン、ほうれんそう、食用ゆり、食用ぎく、きく(葉)、セルリー、なす、にら、パセリ、しそを除く),野菜類(トマト、ミニトマト、ピーマン、ほうれんそう、食用ゆり、食用ぎく、きく(葉)、セルリー、なす、にら、パセリ、しそを除く),野菜類,その他野菜類,,exclusion_group,,ver3継承
58664,花き類・観葉植物(ばら、きく、ラナンキュラスを除く),花き類・観葉植物(ばら、きく、ラナンキュラスを除く),花き類・観葉植物,切花類,,exclusion_group,,ver3継承
118350,花き類・観葉植物(ばら、ベゴニアを除く),花き類・観葉植物(ばら、ベゴニアを除く),花き類・観葉植物,切花類,,exclusion_group,,ver3継承
118357,樹木類(つつじ類、さるすべりを除く),樹木類(つつじ類、さるすべりを除く),樹木類,つつじ類,,exclusion_group,,ver3継承
118638,豆類(種実、ただし、だいず、いんげんまめを除く),豆類(種実、ただし、だいず、いんげんまめを除く),野菜類,豆類,,exclusion_group,,ver3継承
118769,食用花(食用ぎく、食用ミニバラ、食用金魚草、食用プリムラを除く),食用花(食用ぎく、食用ミニバラ、食用金魚草、食用プリムラを除く),野菜類,食用花,,exclusion_group,,ver3継承
118814,花き類・観葉植物(ストック、りんどうを除く),花き類・観葉植物(ストック、りんどうを除く),花き類・観葉植物,切花類,,exclusion_group,,ver3継承
118821,樹木類(まつ、やなぎ、さくらを除く),樹木類(まつ、やなぎ、さくらを除く),樹木類,その他樹木類,,exclusion_group,,ver3継承
119188,花き類・観葉植物(ばらを除く),花き類・観葉植物(ばらを除く),花き類・観葉植物,切花類,,exclusion_group,,ver3継承
119191,樹木類(つつじ類、さんごじゅ、あかまつ、くろまつを除く),樹木類(つつじ類、さんごじゅ、あかまつ、くろまつを除く),樹木類,つつじ類,,exclusion_group,,ver3継承
119234,にんじん(北海道に限る),にんじん(北海道に限る),野菜類,根菜類,,sub_item,金時にんじん、西洋にんじん、島にんじん,ベース一致
121062,樹木類(つつじ類、まさき、くちなし、さんごじゅ、さるすべりを除く),樹木類(つつじ類、まさき、くちなし、さんごじゅ、さるすべりを除く),樹木類,つつじ類,,exclusion_group,,ver3継承
121112,針葉樹,針葉樹,樹木類,その他樹木類,,crop,,ver3継承
121113,れんげ,れんげ,花き類・観葉植物,,,crop,,完全一致
121181,豆類(未成熟、ただし、えだまめ、さやえんどうを除く),豆類(未成熟、ただし、えだまめ、さやえんどうを除く),野菜類,豆類,,exclusion_group,,ver3継承
121789,とどまつ(幼齢木),とどまつ(幼齢木),樹木類,,,sub_item,とどまつ（苗木）,ベース一致
121790,えぞまつ(幼齢木),えぞまつ(幼齢木),樹木類,,,sub_item,,ベース一致
121791,すぎ(幼齢木),すぎ(幼齢木),樹木類,,,sub_item,,ベース一致
121928,花き類・観葉植物(ポット・プランター等の容器栽培),花き類・観葉植物(ポット・プランター等の容器栽培),花き類・観葉植物,切花類,,sub_item,,ver3継承
121930,ポインセチア(ポット・プランター等の容器栽培),ポインセチア(ポット・プランター等の容器栽培),樹木類,,,sub_item,,ベース一致
121945,ハイドランジア(施設栽培),ハイドランジア(施設栽培),花き類・観葉植物,花木類,,variant,,ver3継承
121947,はぼたん(施設栽培),はぼたん(施設栽培),花き類・観葉植物,,,variant,,ベース一致
121949,ペチュニア(施設栽培),ペチュニア(施設栽培),花き類・観葉植物,,,variant,,ベース一致
121951,アザレア(施設栽培),アザレア(施設栽培),樹木類,つつじ類,,variant,,ベース一致
121953,あさがお(施設栽培),あさがお(施設栽培),花き類・観葉植物,,,variant,,ベース一致
121954,パンジー(施設栽培),パンジー(施設栽培),花き類・観葉植物,,,variant,,ベース一致
121955,しゃくなげ(施設栽培),しゃくなげ(施設栽培),樹木類,つつじ類,,variant,,ベース一致
122018,コナガ、オオタバコガ、ヨトウガが加害する農作物等,コナガ、オオタバコガ、ヨトウガが加害する農作物等,適用地帯等,NULL,,crop,,ver3継承
122021,コナガ、オオタバコガが加害する農作物等,コナガ、オオタバコガが加害する農作物等,適用地帯等,NULL,,crop,,ver3継承
122623,穀類,穀類,穀類,雑穀類,,group,,ver3継承
122695,とうがらし類(甘長とうがらしを除く),とうがらし類(甘長とうがらしを除く),野菜類,なす科果菜類,,exclusion_group,,ver3継承
122775,花き類・観葉植物(チューリップ、ばらを除く),花き類・観葉植物(チューリップ、ばらを除く),花き類・観葉植物,切花類,,exclusion_group,,ver3継承
122969,野菜類(いちご、トマト、ミニトマトを除く),野菜類(いちご、トマト、ミニトマトを除く),野菜類,その他野菜類,,exclusion_group,,ver3継承
123008,りんご(ふじを除く),りんご(ふじを除く),果樹類,仁果類,,exclusion_group,,ベース一致
123009,りんご(ふじ),りんご(ふじ),果樹類,仁果類,,sub_item,,ベース一致
123013,キウイフルーツ(ヘイワード),キウイフルーツ(ヘイワード),果樹類,,,sub_item,,ベース一致
123123,えだまめ(移植栽培),えだまめ(移植栽培),野菜類,豆類(未成熟),,variant,,ベース一致
123124,えだまめ(直播栽培),えだまめ(直播栽培),野菜類,豆類(未成熟),,variant,,ベース一致
123289,結球あぶらな科葉菜類,結球あぶらな科葉菜類,野菜類,葉菜類,,group,,ver3継承
123315,トロロアオイ,トロロアオイ,野菜類,その他野菜類,,crop,,ver3継承
123332,トルコギキョウ(水耕栽培),トルコギキョウ(水耕栽培),花き類・観葉植物,,,sub_item,,ベース一致
123333,トルコギキョウ(水耕栽培を除く),トルコギキョウ(水耕栽培を除く),花き類・観葉植物,,,exclusion_group,,ベース一致
123334,あじさい(ポット・プランター等の容器栽培),あじさい(ポット・プランター等の容器栽培),樹木類,,,sub_item,,ベース一致
123335,花き類・観葉植物(ポット・プランター等の容器栽培、ただし、きくを除く),花き類・観葉植物(ポット・プランター等の容器栽培、ただし、きくを除く),花き類・観葉植物,切花類,,exclusion_group,,ver3継承
124040,麦類(秋播),麦類(秋播),穀類,麦類,,variant,,ver3継承
124068,ねぎ(露地栽培),ねぎ(露地栽培),野菜類,鱗茎類,鱗茎類（葉物）,variant,九条ねぎ、加賀太ねぎ、千住ねぎ、やぐらねぎ、下仁田ねぎ、リーキ、わけねぎ、葉ねぎ,ベース一致
124206,果樹類(かんきつ、りんご、びわ、いちょう(種子)、くり、キウイフルーツ、食用桑(果実)、さんしょう(果実)を除く),果樹類(かんきつ、りんご、びわ、いちょう(種子)、くり、キウイフルーツ、食用桑(果実)、さんしょう(果実)を除く),果樹類,かんきつ,,exclusion_group,,ver3継承
124643,非結球あぶらな科葉菜類(こまつな、チンゲンサイ、なばな類を除く),非結球あぶらな科葉菜類(こまつな、チンゲンサイ、なばな類を除く),野菜類,あぶらな科野菜(花蕾及び茎),,exclusion_group,,ver3継承
124983,イモゾウムシが加害する農作物,イモゾウムシが加害する農作物,適用地帯等,NULL,,crop,,ver3継承
124988,大麦(秋播),大麦(秋播),穀類,麦類,,variant,二条種、六条種、はだか麦,ベース一致
125014,花き類・観葉植物(ばら、きく、はぼたんを除く),花き類・観葉植物(ばら、きく、はぼたんを除く),花き類・観葉植物,切花類,,exclusion_group,,ver3継承
125122,花き類・観葉植物(きく、ばら、ペチュニアを除く),花き類・観葉植物(きく、ばら、ペチュニアを除く),花き類・観葉植物,切花類,,exclusion_group,,ver3継承
126137,あさがお,あさがお,花き類・観葉植物,,,crop,,完全一致
126138,しゃくなげ,しゃくなげ,樹木類,つつじ類,,crop,,完全一致
126423,なし(露地栽培),なし(露地栽培),果樹類,仁果類,,variant,日本なし、西洋なし、中国なし,ベース一致
126593,花き類・観葉植物(ばら、パンジーを除く),花き類・観葉植物(ばら、パンジーを除く),花き類・観葉植物,切花類,,exclusion_group,,ver3継承
126931,なら類(生立木),なら類(生立木),樹木類,なら類,,sub_item,,ver3継承
126932,なら類(伐倒木),なら類(伐倒木),樹木類,なら類,,sub_item,,ver3継承
127021,野菜類(ほうれんそうを除く),野菜類(ほうれんそうを除く),野菜類,その他野菜類,,exclusion_group,,ver3継承
127025,芝(日本芝(こうらいしば)を除く),芝(日本芝(こうらいしば)を除く),芝,日本芝,,exclusion_group,,ver3継承
127200,豆類(種実、ただし、だいず、あずき、いんげんまめ、えんどうまめ、らっかせい、そらまめを除く),豆類(種実、ただし、だいず、あずき、いんげんまめ、えんどうまめ、らっかせい、そらまめを除く),野菜類,豆類,,exclusion_group,,ver3継承
127906,花き類・観葉植物(ばら、ストレリチアを除く),花き類・観葉植物(ばら、ストレリチアを除く),花き類・観葉植物,切花類,,exclusion_group,,ver3継承
127911,ストレリチア,ストレリチア,花き類・観葉植物,,,crop,,完全一致
128047,非結球あぶらな科葉菜類(非結球はくさい、みずな、なばな類を除く),非結球あぶらな科葉菜類(非結球はくさい、みずな、なばな類を除く),野菜類,あぶらな科野菜(花蕾及び茎),,exclusion_group,,ver3継承
128065,豆類(未成熟、ただし、えだまめ、未成熟そらまめ、さやえんどうを除く),豆類(未成熟、ただし、えだまめ、未成熟そらまめ、さやえんどうを除く),野菜類,豆類,,exclusion_group,,ver3継承
128244,花き類・観葉植物(ガーベラ、カトレアを除く),花き類・観葉植物(ガーベラ、カトレアを除く),花き類・観葉植物,切花類,,exclusion_group,,ver3継承
128246,カトレア,カトレア,花き類・観葉植物,,,crop,,完全一致
128280,花き類・観葉植物(ばら、きく、ガーベラ、カトレア、カーネーション、ひまわり、ペチュニア、パンジー、ストックを除く),花き類・観葉植物(ばら、きく、ガーベラ、カトレア、カーネーション、ひまわり、ペチュニア、パンジー、ストックを除く),花き類・観葉植物,切花類,,exclusion_group,,ver3継承
128299,樹木類(つつじ類、かなめもちを除く),樹木類(つつじ類、かなめもちを除く),樹木類,つつじ類,,exclusion_group,,ver3継承
128414,ふう,ふう,樹木類,,,crop,,完全一致
129531,非結球あぶらな科葉菜類(こまつな、チンゲンサイを除く),非結球あぶらな科葉菜類(こまつな、チンゲンサイを除く),野菜類,葉菜類,,exclusion_group,,ver3継承
129929,花き類・観葉植物(ガーベラを除く),花き類・観葉植物(ガーベラを除く),花き類・観葉植物,切花類,,exclusion_group,,ver3継承
130106,野菜類(だいこん、はくさい、ブロッコリー、キャベツ、レタス、非結球レタス、かぼちゃ、ズッキーニ、しょうが、トマト、ミニトマトを除く),野菜類(だいこん、はくさい、ブロッコリー、キャベツ、レタス、非結球レタス、かぼちゃ、ズッキーニ、しょうが、トマト、ミニトマトを除く),野菜類,葉菜類,,exclusion_group,,ver3継承
130438,樹木類(なら類を除く),樹木類(なら類を除く),樹木類,なら類,,exclusion_group,,ver3継承
131057,豆類(未成熟、ただし、えだまめ、さやいんげん、さやえんどう、実えんどう、未成熟ささげを除く),豆類(未成熟、ただし、えだまめ、さやいんげん、さやえんどう、実えんどう、未成熟ささげを除く),野菜類,豆類,,exclusion_group,,ver3継承
131205,いちご(露地栽培),いちご(露地栽培),野菜類,,,variant,オランダイチゴ,ベース一致
131208,樹木類(プラタナスを除く),樹木類(プラタナスを除く),樹木類,その他樹木類,,exclusion_group,,ver3継承
131211,シロイチモジヨトウが加害する農作物,シロイチモジヨトウが加害する農作物,適用地帯等,NULL,,crop,,ver3継承
131341,樹木類(つつじ類、しきみ、クロトン、かえで、さかき、とどまつを除く),樹木類(つつじ類、しきみ、クロトン、かえで、さかき、とどまつを除く),樹木類,つつじ類,,exclusion_group,,ver3継承
131357,ハスモンヨトウが加害する農作物,ハスモンヨトウが加害する農作物,適用地帯等,NULL,,crop,,ver3継承
132270,ハバネロ,ハバネロ,野菜類,なす科果菜類,ピーマン及びとうがらし類,crop,,完全一致
132387,非結球あぶらな科葉菜類(非結球メキャベツ、こまつな、非結球はくさい、なばな類、チンゲンサイ、みずなを除く),非結球あぶらな科葉菜類(非結球メキャベツ、こまつな、非結球はくさい、なばな類、チンゲンサイ、みずなを除く),野菜類,あぶらな科野菜(花蕾及び茎),,exclusion_group,,ver3継承
132499,葉たまねぎ(苗床),葉たまねぎ(苗床),野菜類,鱗茎類,鱗茎類（根物）,variant,葉玉葱,ベース一致
132566,豆類(未成熟、ただし、えだまめ、実えんどう、さやえんどう、さやいんげん、未成熟そらまめを除く),豆類(未成熟、ただし、えだまめ、実えんどう、さやえんどう、さやいんげん、未成熟そらまめを除く),野菜類,豆類,,exclusion_group,,ver3継承
132650,薬用ごぼう,薬用ごぼう,薬用作物,,,crop,,完全一致
132673,グロリオサ,グロリオサ,花き類・観葉植物,,,crop,,完全一致
132678,アイスランドポピー,アイスランドポピー,花き類・観葉植物,,,crop,,完全一致
132683,樹木類(苗木),樹木類(苗木),樹木類,その他樹木類,,sub_item,,ver3継承
134352,非結球あぶらな科葉菜類(ケールを除く),非結球あぶらな科葉菜類(ケールを除く),野菜類,葉菜類,,exclusion_group,,ver3継承
135425,アメリカフウ,アメリカフウ,樹木類,その他樹木類,,crop,,ver3継承
136298,ガジュマル,ガジュマル,樹木類,,,crop,,完全一致
136490,トルコギキョウ(施設栽培),トルコギキョウ(施設栽培),花き類・観葉植物,,,variant,,ベース一致
136684,豆類(未成熟、ただし、さやえんどうを除く),豆類(未成熟、ただし、さやえんどうを除く),野菜類,豆類,,exclusion_group,,ver3継承
137126,果樹類(りんご、なしを除く),果樹類(りんご、なしを除く),果樹類,その他果樹類,,exclusion_group,,ver3継承
137142,樹木類(さくら、デイゴ、ホウオウボク、まつ(生立木)を除く),樹木類(さくら、デイゴ、ホウオウボク、まつ(生立木)を除く),樹木類,その他樹木類,,exclusion_group,,ver3継承
137156,ホウオウボク,ホウオウボク,花き類・観葉植物,鉢物類,,crop,,ver3継承
137839,とうがらし類(施設栽培),とうがらし類(施設栽培),野菜類,なす科果菜類,,variant,,ver3継承
137882,野菜類(施設栽培、ただし、トマト、ミニトマトを除く),野菜類(施設栽培、ただし、トマト、ミニトマトを除く),野菜類,その他野菜類,,exclusion_group,,ver3継承
137888,かんきつ(施設栽培),かんきつ(施設栽培),果樹類,かんきつ,,variant,,ver3継承
137889,ぶどう(施設栽培),ぶどう(施設栽培),果樹類,ベリー類等の小粒果実類,,variant,小粒種ぶどう（デラウェア、シラガブドウ、やまぶどう）、大粒種ぶどう（巨峰系４倍体品種）,ベース一致
137891,びわ(施設栽培),びわ(施設栽培),果樹類,仁果類,,variant,,ベース一致
137915,果樹類(かんきつ、りんご、なし、びわ、もも、すもも、うめ、おうとう、ぶどう、かき、マンゴー、オリーブを除く),果樹類(かんきつ、りんご、なし、びわ、もも、すもも、うめ、おうとう、ぶどう、かき、マンゴー、オリーブを除く),果樹類,かんきつ,,exclusion_group,,ver3継承
138141,りんご(露地栽培),りんご(露地栽培),果樹類,仁果類,,variant,,ベース一致
138142,日本なし(露地栽培),日本なし(露地栽培),果樹類,仁果類,,variant,,ver3継承
138143,おうとう(露地栽培),おうとう(露地栽培),果樹類,核果類,,variant,さくらんぼ,ベース一致
138365,はなやさい類(ブロッコリーを除く),はなやさい類(ブロッコリーを除く),野菜類,あぶらな科野菜(花蕾及び茎),,exclusion_group,,ver3継承
138915,花き類・観葉植物(ガーベラ、日々草、ベゴニア、ペチュニアを除く),花き類・観葉植物(ガーベラ、日々草、ベゴニア、ペチュニアを除く),花き類・観葉植物,切花類,,exclusion_group,,ver3継承
139373,花き類・観葉植物(ポット・プランター等の容器栽培を除く),花き類・観葉植物(ポット・プランター等の容器栽培を除く),花き類・観葉植物,切花類,,exclusion_group,,ver3継承
139374,花き類・観葉植物(ポット・プランター等の容器栽培、ただし、パンジーを除く),花き類・観葉植物(ポット・プランター等の容器栽培、ただし、パンジーを除く),花き類・観葉植物,切花類,,exclusion_group,,ver3継承
139376,パンジー(ポット・プランター等の容器栽培),パンジー(ポット・プランター等の容器栽培),花き類・観葉植物,,,sub_item,,ベース一致
139380,マンデビラ(ポット・プランター等の容器栽培),マンデビラ(ポット・プランター等の容器栽培),樹木類,,,sub_item,,ベース一致
139653,レタス類,レタス類,野菜類,葉菜類,,group,,ver3継承
139978,豆類(未成熟、ただし、さやえんどう、未成熟そらまめを除く),豆類(未成熟、ただし、さやえんどう、未成熟そらまめを除く),野菜類,豆類,,exclusion_group,,ver3継承
140105,鱗茎類,鱗茎類,野菜類,鱗茎類,,group,,ver3継承
140413,花き類・観葉植物(ばら、カーネーション、はぼたん、マリーゴールドを除く),花き類・観葉植物(ばら、カーネーション、はぼたん、マリーゴールドを除く),花き類・観葉植物,切花類,,exclusion_group,,ver3継承
140697,豆類(種実、ただし、いんげんまめ、らっかせいを除く),豆類(種実、ただし、いんげんまめ、らっかせいを除く),野菜類,豆類,,exclusion_group,,ver3継承
142426,樹木類(いぬまき、さくらを除く),樹木類(いぬまき、さくらを除く),樹木類,その他樹木類,,exclusion_group,,ver3継承
142447,採種用小麦,採種用小麦,穀類,麦類,,crop,,ver3継承
142568,核果類,核果類,果樹類,核果類,,group,,ver3継承
142720,鱗茎類(にら、にら(花茎)を除く),鱗茎類(にら、にら(花茎)を除く),野菜類,鱗茎類,,exclusion_group,,ver3継承
143030,非結球あぶらな科葉菜類(こまつなを除く),非結球あぶらな科葉菜類(こまつなを除く),野菜類,葉菜類,,exclusion_group,,ver3継承
143070,ダリア,ダリア,花き類・観葉植物,,,crop,,完全一致
143112,うり類(成熟),うり類(成熟),野菜類,うり類,,sub_item,,ver3継承
143227,花き類・観葉植物(ばら、きく、りんどう、ゆり、トルコギキョウを除く),花き類・観葉植物(ばら、きく、りんどう、ゆり、トルコギキョウを除く),花き類・観葉植物,切花類,,exclusion_group,,ver3継承
143328,核果類(伐倒木),核果類(伐倒木),果樹類,核果類,,sub_item,,ver3継承
143329,核果類(枯損木),核果類(枯損木),果樹類,核果類,,sub_item,,ver3継承
143331,さくら(枯損木),さくら(枯損木),樹木類,,,sub_item,,ベース一致
143335,ヤシ類(伐倒木),ヤシ類(伐倒木),花き類・観葉植物,観葉植物,,sub_item,,ver3継承
143906,ほうれんそう(施設栽培),ほうれんそう(施設栽培),野菜類,葉菜類,ヒユ科葉菜類,variant,,ベース一致
144143,花き類・観葉植物(ばら、ガーベラ、きく、バーベナ、パンジー、花月を除く),花き類・観葉植物(ばら、ガーベラ、きく、バーベナ、パンジー、花月を除く),花き類・観葉植物,切花類,,exclusion_group,,ver3継承
144178,バーベナ,バーベナ,花き類・観葉植物,,,crop,,完全一致
144190,樹木類(つつじ類、ひいらぎもくせい、まさき、さくらを除く),樹木類(つつじ類、ひいらぎもくせい、まさき、さくらを除く),樹木類,つつじ類,,exclusion_group,,ver3継承
144263,樹木類(つつじ類、まさき、さるすべりを除く),樹木類(つつじ類、まさき、さるすべりを除く),樹木類,つつじ類,,exclusion_group,,ver3継承
145249,野菜類(キャベツ、カリフラワー、ブロッコリーを除く),野菜類(キャベツ、カリフラワー、ブロッコリーを除く),野菜類,その他野菜類,,exclusion_group,,ver3継承
145423,鱗茎類(根物、ただし、にんにく、らっきょうを除く),鱗茎類(根物、ただし、にんにく、らっきょうを除く),野菜類,鱗茎類,,exclusion_group,,ver3継承
145480,うり類(成熟、ただし、すいか、メロンを除く),うり類(成熟、ただし、すいか、メロンを除く),野菜類,うり類,,exclusion_group,,ver3継承
146709,ほうれんそう(露地栽培),ほうれんそう(露地栽培),野菜類,葉菜類,ヒユ科葉菜類,variant,,ベース一致
146903,ぶどう(キングデラ、ハニーシードレス、BKシードレス、ポンタを除く3倍体品種),ぶどう(キングデラ、ハニーシードレス、BKシードレス、ポンタを除く3倍体品種),果樹類,ベリー類等の小粒果実類,,exclusion_group,小粒種ぶどう（デラウェア、シラガブドウ、やまぶどう）、大粒種ぶどう（巨峰系４倍体品種）,ベース一致
146909,ぶどう(ポンタ),ぶどう(ポンタ),果樹類,ベリー類等の小粒果実類,,sub_item,小粒種ぶどう（デラウェア、シラガブドウ、やまぶどう）、大粒種ぶどう（巨峰系４倍体品種）,ベース一致
147031,てっぽうゆり(促成栽培),てっぽうゆり(促成栽培),花き類・観葉植物,切花類,,sub_item,,ver3継承
147036,すぎ(採種樹),すぎ(採種樹),樹木類,,,sub_item,,ベース一致
147038,ひのき科(採種樹),ひのき科(採種樹),樹木類,まつ類,,sub_item,,ver3継承
147042,ぶんたん,ぶんたん,果樹類,かんきつ,,crop,ざぼん、ぼんたん、晩白柚、うちむらさき,完全一致
147044,ひのき(採種樹),ひのき(採種樹),樹木類,,,sub_item,,ベース一致
147045,ひば(採種樹),ひば(採種樹),樹木類,びゃくしん類,,sub_item,,ver3継承
147046,日本なし(苗木),日本なし(苗木),果樹類,仁果類,,sub_item,,ver3継承
147048,すもも(苗木),すもも(苗木),果樹類,核果類,小粒核果類,sub_item,プラム、プルーン,ベース一致
147086,かんきつ(不知火、ぽんかん、かぼす、はるみ、ワシントンネーブル、日向夏、すだち、平兵衛酢、長門ユズキチ(無核)、温州みかん、きんかん、紅まどんなを除く),かんきつ(不知火、ぽんかん、かぼす、はるみ、ワシントンネーブル、日向夏、すだち、平兵衛酢、長門ユズキチ(無核)、温州みかん、きんかん、紅まどんなを除く),果樹類,かんきつ,,exclusion_group,,ver3継承
147097,紅まどんな,紅まどんな,果樹類,かんきつ,,crop,,ver3継承
147331,ごぼう(促成栽培),ごぼう(促成栽培),野菜類,根菜類,,sub_item,,ベース一致
147462,豆類(種実、ただし、あずき、そらまめ、だいず、らっかせいを除く),豆類(種実、ただし、あずき、そらまめ、だいず、らっかせいを除く),野菜類,豆類,,exclusion_group,,ver3継承
147538,花き類・観葉植物(ばら、ガーベラ、バーベナを除く),花き類・観葉植物(ばら、ガーベラ、バーベナを除く),花き類・観葉植物,切花類,,exclusion_group,,ver3継承
147881,観賞用ジャノヒゲ,観賞用ジャノヒゲ,花き類・観葉植物,観葉植物,,crop,,ver3継承
148018,稲(乾田直播水稲を除く),稲(乾田直播水稲を除く),穀類,,,exclusion_group,水稲（移植、直播）、陸稲,ベース一致
148142,花き類・観葉植物(ばら、ひまわりを除く),花き類・観葉植物(ばら、ひまわりを除く),花き類・観葉植物,切花類,,exclusion_group,,ver3継承
148150,樹木類(つつじ類、つばき類、ひいらぎもくせい、まさきを除く),樹木類(つつじ類、つばき類、ひいらぎもくせい、まさきを除く),樹木類,つつじ類,,exclusion_group,,ver3継承
148163,つばき類(さざんかを除く),つばき類(さざんかを除く),花き類・観葉植物,花木類,,exclusion_group,,ver3継承
149055,デンドロビウム,デンドロビウム,花き類・観葉植物,,,crop,,完全一致
149176,豆類(種実、ただし、あずき、そらまめ、らっかせいを除く),豆類(種実、ただし、あずき、そらまめ、らっかせいを除く),野菜類,豆類,,exclusion_group,,ver3継承
149581,非結球あぶらな科葉菜類(みずな、なばな類を除く),非結球あぶらな科葉菜類(みずな、なばな類を除く),野菜類,あぶらな科野菜(花蕾及び茎),,exclusion_group,,ver3継承
150758,豆類(種実、ただし、だいず、あずき、いんげんまめ、えんどうまめ、そらまめを除く),豆類(種実、ただし、だいず、あずき、いんげんまめ、えんどうまめ、そらまめを除く),野菜類,豆類,,exclusion_group,,ver3継承
150759,豆類(未成熟、ただし、えだまめ、未成熟そらまめ、さやえんどう、実えんどうを除く),豆類(未成熟、ただし、えだまめ、未成熟そらまめ、さやえんどう、実えんどうを除く),野菜類,豆類,,exclusion_group,,ver3継承
150956,野菜類(はつかだいこんを除く),野菜類(はつかだいこんを除く),野菜類,その他野菜類,,exclusion_group,,ver3継承
150968,花き類・観葉植物(パンジーを除く),花き類・観葉植物(パンジーを除く),花き類・観葉植物,切花類,,exclusion_group,,ver3継承
152559,ミニトマト(施設栽培),ミニトマト(施設栽培),野菜類,なす科果菜類,,variant,,ベース一致
153553,てんさい(ALS阻害剤耐性)(移植栽培),てんさい(ALS阻害剤耐性)(移植栽培),野菜類,根菜類,,variant,サトウダイコン,ベース一致
153554,てんさい(ALS阻害剤耐性)(直播栽培),てんさい(ALS阻害剤耐性)(直播栽培),野菜類,根菜類,,variant,サトウダイコン,ベース一致
153734,野菜類(結球あぶらな科葉菜類、非結球あぶらな科葉菜類、あぶらな科野菜(花蕾及び茎)、だいこん、ねぎ、トマト、ミニトマトを除く),野菜類(結球あぶらな科葉菜類、非結球あぶらな科葉菜類、あぶらな科野菜(花蕾及び茎)、だいこん、ねぎ、トマト、ミニトマトを除く),野菜類,あぶらな科野菜(花蕾及び茎),,exclusion_group,,ver3継承
153751,あぶらな科野菜(花蕾及び茎),あぶらな科野菜(花蕾及び茎),野菜類,あぶらな科野菜(花蕾及び茎),,sub_item,,ver3継承
153788,果樹類(りんご、かき、かんきつを除く),果樹類(りんご、かき、かんきつを除く),果樹類,かんきつ,,exclusion_group,,ver3継承
153961,ぶどう(巨峰系4倍体品種),ぶどう(巨峰系4倍体品種),果樹類,ベリー類等の小粒果実類,,sub_item,小粒種ぶどう（デラウェア、シラガブドウ、やまぶどう）、大粒種ぶどう（巨峰系４倍体品種）,ベース一致
155091,野菜類(いちご、はくさい、アスパラガス、セルリー、非結球あぶらな科葉菜類、キャベツ、レタス、非結球レタス、ふき、れんこんを除く),野菜類(いちご、はくさい、アスパラガス、セルリー、非結球あぶらな科葉菜類、キャベツ、レタス、非結球レタス、ふき、れんこんを除く),野菜類,葉菜類,,exclusion_group,,ver3継承
156622,なす科果菜類(なす、トマト、ミニトマト、ピーマンを除く),なす科果菜類(なす、トマト、ミニトマト、ピーマンを除く),野菜類,なす科果菜類,,exclusion_group,,ver3継承
156623,うり類(きゅうりを除く),うり類(きゅうりを除く),野菜類,うり類,,exclusion_group,,ver3継承
156726,食用花(食用ぎくを除く),食用花(食用ぎくを除く),野菜類,食用花,,exclusion_group,,ver3継承
157078,花き類・観葉植物(ばら、きく、チューリップ、ゆり、トルコギキョウ、りんどうを除く),花き類・観葉植物(ばら、きく、チューリップ、ゆり、トルコギキョウ、りんどうを除く),花き類・観葉植物,切花類,,exclusion_group,,ver3継承
158392,鱗茎類(根物、ただし、葉たまねぎ、葉にんにく、のびるを除く),鱗茎類(根物、ただし、葉たまねぎ、葉にんにく、のびるを除く),野菜類,鱗茎類,,exclusion_group,,ver3継承
158397,レタス類(レタスを除く),レタス類(レタスを除く),野菜類,葉菜類,,exclusion_group,,ver3継承
158896,マンゴー(露地栽培),マンゴー(露地栽培),果樹類,,,variant,,ベース一致
158903,にら(施設栽培),にら(施設栽培),野菜類,鱗茎類,鱗茎類（葉物）,variant,黄にら,ベース一致
