製品名,登録番号,列1,用途,有効成分-1,RACｺｰﾄﾞ-1,有効成分-2,RACｺｰﾄﾞ-2,有効成分-3,RACｺｰﾄﾞ-3,有効成分-4,RACｺｰﾄﾞ-4,有効成分-5,RACｺｰﾄﾞ-5
金鳥除虫菊乳剤3,52,,殺虫剤,ﾋﾟﾚﾄﾘﾝ,3A,,,,,,,,
ｶﾔｸｸﾛｰﾙﾋﾟｸﾘﾝ,90,,殺虫剤,ｸﾛﾙﾋﾟｸﾘﾝ,8B,,,,,,,,
日農ﾏﾗｿﾝ乳剤,2280,,殺虫剤,ﾏﾗｿﾝ,1B,,,,,,,,
ﾎｸｺｰﾏﾗｿﾝ乳剤,2300,,殺虫剤,ﾏﾗｿﾝ,1B,,,,,,,,
ｻﾝｹｲﾏﾗｿﾝ乳剤,2532,,殺虫剤,ﾏﾗｿﾝ,1B,,,,,,,,
ﾅﾒﾄｯｸｽ,4067,,殺虫剤,ﾒﾀｱﾙﾃﾞﾋﾄﾞ,「-」,,,,,,,,
日本化薬ﾀﾞｲｱｼﾞﾉﾝ水和剤34,4250,,殺虫剤,ﾀﾞｲｱｼﾞﾉﾝ,1B,,,,,,,,
日農ﾀﾞｲｱｼﾞﾉﾝ水和剤34,4262,,殺虫剤,ﾀﾞｲｱｼﾞﾉﾝ,1B,,,,,,,,
住化ｼﾞﾒﾄｴｰﾄ乳剤,4803,,殺虫剤,ｼﾞﾒﾄｴｰﾄ,1B,,,,,,,,
住化ｽﾐﾁｵﾝ乳剤,4962,,殺虫剤,MEP,1B,,,,,,,,
日産ｽﾐﾁｵﾝ乳剤,4982,,殺虫剤,MEP,1B,,,,,,,,
ﾎｸｺｰｽﾐﾁｵﾝ乳剤,4991,,殺虫剤,MEP,1B,,,,,,,,
日農ｽﾐﾁｵﾝ乳剤,5042,,殺虫剤,MEP,1B,,,,,,,,
ｻﾝｹｲｽﾐﾁｵﾝ乳剤,5052,,殺虫剤,MEP,1B,,,,,,,,
日産ﾐｸﾛﾃﾞﾅﾎﾟﾝ水和剤85,5129,,殺虫剤,NAC,1A,,,,,,,,
日農ﾐｸﾛﾃﾞﾅﾎﾟﾝ水和剤85,5131,,殺虫剤,NAC,1A,,,,,,,,
ﾄﾞﾛｸﾛｰﾙ,5250,,殺虫剤,ｸﾛﾙﾋﾟｸﾘﾝ,8B,,,,,,,,
ﾄﾞｼﾞｮｳﾋﾟｸﾘﾝ,5329,,殺虫剤,ｸﾛﾙﾋﾟｸﾘﾝ,8B,,,,,,,,
日産ｴﾙｻﾝ粉剤2,5621,,殺虫剤,PAP,1B,,,,,,,,
日産ｴﾙｻﾝ乳剤,5623,,殺虫剤,PAP,1B,,,,,,,,
NCS,6272,,殺虫剤,ｶｰﾊﾞﾑ,8F,,,,,,,,
ﾃﾃﾞｵﾝ水和剤,6329,,殺虫剤,ﾃﾄﾗｼﾞﾎﾝ,12D,,,,,,,,
ｽﾐｿﾝ乳剤,6829,,殺虫剤,ﾏﾗｿﾝ,1B,MEP,1B,,,,,,
ﾎｸｺｰｴﾙｻﾝ乳剤,6831,,殺虫剤,PAP,1B,,,,,,,,
ｸﾛﾋﾟｸ80,6909,,殺虫剤,ｸﾛﾙﾋﾟｸﾘﾝ,8B,,,,,,,,
ﾎｽﾄｷｼﾝ小型錠剤,7184,,殺虫剤,ﾘﾝ化ｱﾙﾐﾆｳﾑ,24A,,,,,,,,
ﾎｽﾄｷｼﾝ,7185,,殺虫剤,ﾘﾝ化ｱﾙﾐﾆｳﾑ,24A,,,,,,,,
日農ｴﾙｻﾝ乳剤,7263,,殺虫剤,PAP,1B,,,,,,,,
ﾁﾊﾞｸﾛﾝ,7279,,殺虫剤,青酸,24B,,,,,,,,
ﾀﾞｲｱｼﾞﾉﾝ粒剤3,7288,,殺虫剤,ﾀﾞｲｱｼﾞﾉﾝ,1B,,,,,,,,
住化ｻｲｱﾉｯｸｽ乳剤,7674,,殺虫剤,CYAP,1B,,,,,,,,
ｶﾔｸ･ﾀﾞｲｱｼﾞﾉﾝ乳剤40,8151,,殺虫剤,ﾀﾞｲｱｼﾞﾉﾝ,1B,,,,,,,,
日農ｵﾏｲﾄ乳剤,8201,,殺虫剤,BPPS,12C,,,,,,,,
日農ｵﾏｲﾄ水和剤,8202,,殺虫剤,BPPS,12C,,,,,,,,
ﾊﾟﾀﾞﾝ水溶剤,8211,,殺虫剤,ｶﾙﾀｯﾌﾟ,14,,,,,,,,
ﾊﾟﾀﾞﾝ粉剤,8212,,殺虫剤,ｶﾙﾀｯﾌﾟ,14,,,,,,,,
ﾎｸｺｰｽﾋﾟﾝﾄﾞﾛﾝ乳剤,8405,,殺虫剤,ﾏｼﾝ油,"UNM(I*),NC(F*)",,,,,,,,
住化ｽﾐﾁｵﾝ水和剤40,8444,,殺虫剤,MEP,1B,,,,,,,,
日産ｴﾙｻﾝ水和剤40,8618,,殺虫剤,PAP,1B,,,,,,,,
ｸﾐｱｲｽﾐﾁｵﾝ乳剤,9576,,殺虫剤,MEP,1B,,,,,,,,
ﾄﾓﾉｰﾙS,9783,,殺虫剤,ﾏｼﾝ油,"UNM(I*),NC(F*)",,,,,,,,
三井東圧ｸﾛｰﾙﾋﾟｸﾘﾝ,9795,,殺虫剤,ｸﾛﾙﾋﾟｸﾘﾝ,8B,,,,,,,,
ﾀﾞｲｱｼﾞﾉﾝ粒剤5,10438,,殺虫剤,ﾀﾞｲｱｼﾞﾉﾝ,1B,,,,,,,,
日農ｽﾌﾟﾚｰｵｲﾙ,10601,,殺虫剤,ﾏｼﾝ油,"UNM(I*),NC(F*)",,,,,,,,
ｸﾐｱｲﾀﾞｲｱｼﾞﾉﾝ粒剤5,10791,,殺虫剤,ﾀﾞｲｱｼﾞﾉﾝ,1B,,,,,,,,
住化ｻｲｱﾉｯｸｽ粉剤,10807,,殺虫剤,CYAP,1B,,,,,,,,
ｻﾝｹｲﾀﾞｲｱｼﾞﾉﾝ乳剤40,10919,,殺虫剤,ﾀﾞｲｱｼﾞﾉﾝ,1B,,,,,,,,
ﾊﾟﾀﾞﾝ粒剤4,11188,,殺虫剤,ｶﾙﾀｯﾌﾟ,14,,,,,,,,
住化ｽﾐﾁｵﾝ乳剤70,11344,,殺虫剤,MEP,1B,,,,,,,,
ｸﾐｱｲｱﾀｯｸｵｲﾙ,11851,,殺虫剤,ﾏｼﾝ油,"UNM(I*),NC(F*)",,,,,,,,
ｻｯﾁｭｰｺｰﾄS,11924,,殺虫剤,MEP,1B,,,,,,,,
住友ｻｲｱﾉｯｸｽ水和剤,12090,,殺虫剤,CYAP,1B,,,,,,,,
三明ﾃﾞﾅﾎﾟﾝ粒剤5,12128,,殺虫剤,NAC,1A,,,,,,,,
ｻﾝｹｲﾏｲﾏｲﾍﾟﾚｯﾄ,12246,,殺虫剤,ﾒﾀｱﾙﾃﾞﾋﾄﾞ,「-」,,,,,,,,
ｻﾝｹｲｽﾐﾁｵﾝ乳剤,12257,,殺虫剤,MEP,1B,,,,,,,,
一農ﾏﾗｿﾝ乳剤,12261,,殺虫剤,ﾏﾗｿﾝ,1B,,,,,,,,
ｻﾝｹｲﾏﾗｿﾝ乳剤,12266,,殺虫剤,ﾏﾗｿﾝ,1B,,,,,,,,
一農ﾀﾞｲｱｼﾞﾉﾝ乳剤40,12272,,殺虫剤,ﾀﾞｲｱｼﾞﾉﾝ,1B,,,,,,,,
一農ｽﾐﾁｵﾝ乳剤,12333,,殺虫剤,MEP,1B,,,,,,,,
ｻﾝｹｲﾀﾞｲｱｼﾞﾉﾝ乳剤40,12408,,殺虫剤,ﾀﾞｲｱｼﾞﾉﾝ,1B,,,,,,,,
ｶﾙﾎｽ乳剤,12455,,殺虫剤,ｲｿｷｻﾁｵﾝ,1B,,,,,,,,
ｶﾞｯﾄｷﾗｰ乳剤,12478,,殺虫剤,MEP,1B,,,,,,,,
ｻﾝｹｲﾀﾞｲｱｼﾞﾉﾝ粒剤5,12683,,殺虫剤,ﾀﾞｲｱｼﾞﾉﾝ,1B,,,,,,,,
ｻﾝｹｲﾃﾞﾅﾎﾟﾝ5%ﾍﾞｲﾄ,12880,,殺虫剤,NAC,1A,,,,,,,,
三明ﾃﾞﾅﾎﾟﾝ5%ﾍﾞｲﾄ,12881,,殺虫剤,NAC,1A,,,,,,,,
日農ﾃﾞﾅﾎﾟﾝ5%ﾍﾞｲﾄ,12885,,殺虫剤,NAC,1A,,,,,,,,
ｻﾝｹｲｽﾐﾁｵﾝ微粒剤F,13114,,殺虫剤,MEP,1B,,,,,,,,
ﾎｸｺｰｵﾙﾄﾗﾝ水和剤,13175,,殺虫剤,ｱｾﾌｪｰﾄ,1B,,,,,,,,
ﾎｸｺｰｵﾙﾄﾗﾝ粒剤,13177,,殺虫剤,ｱｾﾌｪｰﾄ,1B,,,,,,,,
ｶﾙﾎｽ粉剤,13290,,殺虫剤,ｲｿｷｻﾁｵﾝ,1B,,,,,,,,
ｶﾞｯﾄｻｲﾄﾞS,13410,,殺虫剤,MEP,1B,,,,,,,,
ﾄｸﾁｵﾝ粉剤,13425,,殺虫剤,ﾌﾟﾛﾁｵﾎｽ,1B,,,,,,,,
ﾄｸﾁｵﾝ乳剤,13426,,殺虫剤,ﾌﾟﾛﾁｵﾎｽ,1B,,,,,,,,
ﾃﾞｨ･ﾄﾗﾍﾟｯｸｽ油剤,13488,,殺虫剤,ﾒﾁﾙｲｿﾁｵｼｱﾈｰﾄ,8F,D-D,8A,,,,,,
ｶﾙﾎｽ微粒剤F,13873,,殺虫剤,ｲｿｷｻﾁｵﾝ,1B,,,,,,,,
ｶﾙﾎｽ粉剤3,13970,,殺虫剤,ｲｿｷｻﾁｵﾝ,1B,,,,,,,,
ﾗﾋﾞｻﾝｽﾌﾟﾚｰ,14034,,殺虫剤,ﾏｼﾝ油,"UNM(I*),NC(F*)",,,,,,,,
ﾅﾒｷｯﾄ,14043,,殺虫剤,ﾒﾀｱﾙﾃﾞﾋﾄﾞ,「-」,,,,,,,,
ｶﾀﾞﾝK,14069,,殺虫剤,ｱﾚｽﾘﾝ,3A,ﾏｼﾝ油,"UNM(I*),NC(F*)",,,,,,
ﾄﾗｻｲﾄﾞA乳剤,14166,,殺虫剤,ﾏﾗｿﾝ,1B,MEP,1B,,,,,,
ﾊﾟｲﾝｻｲﾄﾞS油剤D,14341,,殺虫剤,MEP,1B,,,,,,,,
ﾔｼﾏﾊﾞｰｸｻｲﾄﾞF,14342,,殺虫剤,MEP,1B,,,,,,,,
ﾊﾟｲﾝｻｲﾄﾞS油剤C,14343,,殺虫剤,MEP,1B,,,,,,,,
ﾔｼﾏﾊﾞｰｸｻｲﾄﾞｵｲﾙ,14344,,殺虫剤,MEP,1B,,,,,,,,
ｶﾀﾞﾝA,14371,,殺虫剤,ｱﾚｽﾘﾝ,3A,,,,,,,,
ｻｯﾁｭｰｺｰﾄSｾｯﾄ,14372,,殺虫剤,MEP,1B,,,,,,,,
ｸﾞﾘｰﾝﾍﾞｲﾄ,14374,,殺虫剤,ﾒﾀｱﾙﾃﾞﾋﾄﾞ,「-」,NAC,1A,,,,,,
ﾎｸｺｰｽﾐﾁｵﾝ粉剤3DL,14394,,殺虫剤,MEP,1B,,,,,,,,
ｼﾞﾒﾄｴｰﾄ粒剤,14397,,殺虫剤,ｼﾞﾒﾄｴｰﾄ,1B,,,,,,,,
ﾄｱﾛｰ水和剤CT,14459,,殺虫剤,BT(死菌),11A,,,,,,,,
ｴﾋﾞｾｸﾄ水和剤,14516,,殺虫剤,ﾁｵｼｸﾗﾑ,14,,,,,,,,
ﾗﾝﾀﾞｲﾔ粒剤,14640,,殺虫剤,ﾀﾞｲｱｼﾞﾉﾝ,1B,ﾒｿﾐﾙ,1A,,,,,,
ｴﾙｻﾝ粉剤3DL,14840,,殺虫剤,PAP,1B,,,,,,,,
ﾊﾞｼﾚｯｸｽ水和剤,15000,,殺虫剤,BT(生菌),11A,,,,,,,,
住化ｽﾐﾊﾟｲﾝ乳剤,15042,,殺虫剤,MEP,1B,,,,,,,,
ｻﾝｹｲｽﾐﾊﾟｲﾝ乳剤,15043,,殺虫剤,MEP,1B,,,,,,,,
ﾔｼﾏｽﾐﾊﾟｲﾝ乳剤,15044,,殺虫剤,MEP,1B,,,,,,,,
ﾊｰﾍﾞｽﾄｵｲﾙ,15180,,殺虫剤,ﾏｼﾝ油,"UNM(I*),NC(F*)",,,,,,,,
ﾎﾞﾙﾝ,15206,,殺虫剤,ﾏｼﾝ油,"UNM(I*),NC(F*)",,,,,,,,
ｴｱｰﾀｯｸ乳剤,15268,,殺虫剤,ﾏｼﾝ油,"UNM(I*),NC(F*)",,,,,,,,
ﾊﾟﾀﾞﾝ粉剤DL,15275,,殺虫剤,ｶﾙﾀｯﾌﾟ,14,,,,,,,,
ｸﾞﾘﾝｶﾞｰﾄﾞ,15278,,殺虫剤,酒石酸ﾓﾗﾝﾃﾙ,「-」,,,,,,,,
ﾄﾗﾍﾟｯｸｻｲﾄﾞ油剤,15321,,殺虫剤,ﾒﾁﾙｲｿﾁｵｼｱﾈｰﾄ,8F,,,,,,,,
理研ｽﾐﾁｵﾝ乳剤,15350,,殺虫剤,MEP,1B,,,,,,,,
日農ｽﾐﾁｵﾝ粉剤3DL,15410,,殺虫剤,MEP,1B,,,,,,,,
ﾍﾞｼﾞﾎﾝ乳剤,15450,,殺虫剤,ｼﾞﾒﾄｴｰﾄ,1B,ﾌｪﾝﾊﾞﾚﾚｰﾄ,3A,,,,,,
ﾊﾟｰﾏﾁｵﾝ水和剤,15458,,殺虫剤,ﾌｪﾝﾊﾞﾚﾚｰﾄ,3A,MEP,1B,,,,,,
日農ﾊﾟｰﾏﾁｵﾝ水和剤,15462,,殺虫剤,ﾌｪﾝﾊﾞﾚﾚｰﾄ,3A,MEP,1B,,,,,,
ﾊｸｻｯﾌﾟ水和剤,15463,,殺虫剤,ﾌｪﾝﾊﾞﾚﾚｰﾄ,3A,ﾏﾗｿﾝ,1B,,,,,,
ｻﾝｹｲﾊｸｻｯﾌﾟ水和剤,15469,,殺虫剤,ﾌｪﾝﾊﾞﾚﾚｰﾄ,3A,ﾏﾗｿﾝ,1B,,,,,,
ﾊｸｻｯﾌﾟ乳剤,15470,,殺虫剤,ﾌｪﾝﾊﾞﾚﾚｰﾄ,3A,ﾏﾗｿﾝ,1B,,,,,,
ﾄｸﾁｵﾝ水和剤,15665,,殺虫剤,ﾌﾟﾛﾁｵﾎｽ,1B,,,,,,,,
ｱﾌﾟﾛｰﾄﾞ水和剤,15677,,殺虫剤,ﾌﾞﾌﾟﾛﾌｪｼﾞﾝ,16,,,,,,,,
ﾗﾋﾞｷﾗｰ乳剤,15803,,殺虫剤,MEP,1B,PAP,1B,,,,,,
ﾊｯﾊﾟ乳剤,15837,,殺虫剤,なたね油,「-」,,,,,,,,
ｻﾝｹｲｽﾐﾁｵﾝ粉剤3DL,15846,,殺虫剤,MEP,1B,,,,,,,,
ｱﾃﾞｨｵﾝ乳剤,15957,,殺虫剤,ﾍﾟﾙﾒﾄﾘﾝ,3A,,,,,,,,
ﾎｸｺｰｱﾃﾞｨｵﾝ乳剤,15959,,殺虫剤,ﾍﾟﾙﾒﾄﾘﾝ,3A,,,,,,,,
ｻﾝｹｲｱﾃﾞｨｵﾝ乳剤,15960,,殺虫剤,ﾍﾟﾙﾒﾄﾘﾝ,3A,,,,,,,,
ｱﾃﾞｨｵﾝ水和剤,15966,,殺虫剤,ﾍﾟﾙﾒﾄﾘﾝ,3A,,,,,,,,
ｻﾝｹｲｱﾃﾞｨｵﾝ水和剤,15969,,殺虫剤,ﾍﾟﾙﾒﾄﾘﾝ,3A,,,,,,,,
園芸用ｷﾝﾁｮｰﾙE,15975,,殺虫剤,ﾍﾟﾙﾒﾄﾘﾝ,3A,,,,,,,,
ﾌﾐﾄｷｼﾝ,16033,,殺虫剤,ﾘﾝ化ｱﾙﾐﾆｳﾑ,24A,,,,,,,,
ﾌﾐﾄｷｼﾝ小球,16034,,殺虫剤,ﾘﾝ化ｱﾙﾐﾆｳﾑ,24A,,,,,,,,
ｴﾋﾟﾋｭｰﾑ,16080,,殺虫剤,ﾘﾝ化ｱﾙﾐﾆｳﾑ,24A,,,,,,,,
ｴﾋﾟﾋｭｰﾑ小球,16081,,殺虫剤,ﾘﾝ化ｱﾙﾐﾆｳﾑ,24A,,,,,,,,
ﾆｯｿﾗﾝ水和剤,16094,,殺虫剤,ﾍｷｼﾁｱｿﾞｸｽ,10A,,,,,,,,
ﾊﾟﾉｺﾝ乳剤,16305,,殺虫剤,ﾌｪﾉﾁｵｶﾙﾌﾞ,「-」,,,,,,,,
ｶﾀﾞﾝAP,16401,,殺虫剤,ﾍﾟﾙﾒﾄﾘﾝ,3A,,,,,,,,
ｸﾞﾘﾝｶﾞｰﾄﾞ･ｴｲﾄ,16441,,殺虫剤,酒石酸ﾓﾗﾝﾃﾙ,「-」,,,,,,,,
ｶﾐｷﾘﾎｲﾎｲ,16471,,殺虫剤,ﾎﾟﾘﾌﾞﾃﾝ,「-」,,,,,,,,
ｵﾝｺﾙ粒剤5,16575,,殺虫剤,ﾍﾞﾝﾌﾗｶﾙﾌﾞ,1A,,,,,,,,
ｱｸﾞﾛｽﾘﾝ水和剤,16583,,殺虫剤,ｼﾍﾟﾙﾒﾄﾘﾝ,3A,,,,,,,,
ｸﾐｱｲｱｸﾞﾛｽﾘﾝ水和剤,16584,,殺虫剤,ｼﾍﾟﾙﾒﾄﾘﾝ,3A,,,,,,,,
日農ｱｸﾞﾛｽﾘﾝ水和剤,16585,,殺虫剤,ｼﾍﾟﾙﾒﾄﾘﾝ,3A,,,,,,,,
ｱｸﾞﾛｽﾘﾝ乳剤,16589,,殺虫剤,ｼﾍﾟﾙﾒﾄﾘﾝ,3A,,,,,,,,
ｸﾐｱｲｱｸﾞﾛｽﾘﾝ乳剤,16590,,殺虫剤,ｼﾍﾟﾙﾒﾄﾘﾝ,3A,,,,,,,,
日農ｱｸﾞﾛｽﾘﾝ乳剤,16591,,殺虫剤,ｼﾍﾟﾙﾒﾄﾘﾝ,3A,,,,,,,,
ﾏｲｷﾗｰ,16688,,殺虫剤,ﾒﾀｱﾙﾃﾞﾋﾄﾞ,「-」,,,,,,,,
ﾏﾌﾞﾘｯｸ水和剤20,16714,,殺虫剤,ﾌﾙﾊﾞﾘﾈｰﾄ,3A,,,,,,,,
ｸﾐｱｲﾏﾌﾞﾘｯｸ水和剤20,16715,,殺虫剤,ﾌﾙﾊﾞﾘﾈｰﾄ,3A,,,,,,,,
日曹ﾏﾌﾞﾘｯｸｼﾞｪｯﾄ,16720,,殺虫剤,ﾌﾙﾊﾞﾘﾈｰﾄ,3A,,,,,,,,
ﾏﾌﾞﾘｯｸｼﾞｪｯﾄ,16721,,殺虫剤,ﾌﾙﾊﾞﾘﾈｰﾄ,3A,,,,,,,,
新富士ﾏﾌﾞﾘｯｸｼﾞｪｯﾄ,16722,,殺虫剤,ﾌﾙﾊﾞﾘﾈｰﾄ,3A,,,,,,,,
ｽｶｳﾄ乳剤,16742,,殺虫剤,ﾄﾗﾛﾒﾄﾘﾝ,3A,,,,,,,,
ﾄﾚﾎﾞﾝ水和剤,16752,,殺虫剤,ｴﾄﾌｪﾝﾌﾟﾛｯｸｽ,3A,,,,,,,,
ﾄﾚﾎﾞﾝ粉剤DL,16753,,殺虫剤,ｴﾄﾌｪﾝﾌﾟﾛｯｸｽ,3A,,,,,,,,
ｸﾐｱｲﾄﾚﾎﾞﾝ粉剤DL,16754,,殺虫剤,ｴﾄﾌｪﾝﾌﾟﾛｯｸｽ,3A,,,,,,,,
日産ﾄﾚﾎﾞﾝ粉剤DL,16755,,殺虫剤,ｴﾄﾌｪﾝﾌﾟﾛｯｸｽ,3A,,,,,,,,
ｻﾝｹｲﾄﾚﾎﾞﾝ粉剤DL,16756,,殺虫剤,ｴﾄﾌｪﾝﾌﾟﾛｯｸｽ,3A,,,,,,,,
ﾄﾚﾎﾞﾝ乳剤,16758,,殺虫剤,ｴﾄﾌｪﾝﾌﾟﾛｯｸｽ,3A,,,,,,,,
ﾄﾚﾎﾞﾝ粒剤,16759,,殺虫剤,ｴﾄﾌｪﾝﾌﾟﾛｯｸｽ,3A,,,,,,,,
ﾊﾟﾀﾞﾝﾄﾚﾎﾞﾝ粉剤DL,16760,,殺虫剤,ｴﾄﾌｪﾝﾌﾟﾛｯｸｽ,3A,ｶﾙﾀｯﾌﾟ,14,,,,,,
ｴﾋﾞｾｸﾄﾄﾚﾎﾞﾝ粉剤DL,16767,,殺虫剤,ｴﾄﾌｪﾝﾌﾟﾛｯｸｽ,3A,ﾁｵｼｸﾗﾑ,14,,,,,,
ﾁｭｰﾘｻｲﾄﾞ水和剤,16827,,殺虫剤,BT(生菌),11A,,,,,,,,
ﾍﾟﾝﾀｯｸ水和剤,16828,,殺虫剤,ｼﾞｴﾉｸﾛﾙ,「-」,,,,,,,,
ｶﾙﾓｯｸ,16832,,殺虫剤,ｲｿｷｻﾁｵﾝ,1B,,,,,,,,
ｱﾌﾟﾛｰﾄﾞ粉剤DL,16858,,殺虫剤,ﾌﾞﾌﾟﾛﾌｪｼﾞﾝ,16,,,,,,,,
兼商ﾃﾞﾐﾘﾝ水和剤,16864,,殺虫剤,ｼﾞﾌﾙﾍﾞﾝｽﾞﾛﾝ,15,,,,,,,,
日産ﾄﾚﾎﾞﾝ粒剤,16983,,殺虫剤,ｴﾄﾌｪﾝﾌﾟﾛｯｸｽ,3A,,,,,,,,
ｸﾐｱｲﾄﾚﾎﾞﾝ粒剤,16984,,殺虫剤,ｴﾄﾌｪﾝﾌﾟﾛｯｸｽ,3A,,,,,,,,
ｻﾝｹｲﾄﾚﾎﾞﾝ粒剤,16985,,殺虫剤,ｴﾄﾌｪﾝﾌﾟﾛｯｸｽ,3A,,,,,,,,
ｻｲﾊﾛﾝ水和剤,17009,,殺虫剤,ｼﾊﾛﾄﾘﾝ,3A,,,,,,,,
日農ｻｲﾊﾛﾝ水和剤,17010,,殺虫剤,ｼﾊﾛﾄﾘﾝ,3A,,,,,,,,
ｻｲﾊﾛﾝ乳剤,17013,,殺虫剤,ｼﾊﾛﾄﾘﾝ,3A,,,,,,,,
ｸﾛﾙﾋﾟｸﾘﾝ錠剤,17034,,殺虫剤,ｸﾛﾙﾋﾟｸﾘﾝ,8B,,,,,,,,
ﾊﾞｲｽﾛｲﾄﾞ乳剤,17106,,殺虫剤,ｼﾌﾙﾄﾘﾝ,3A,,,,,,,,
ﾊﾞｲｽﾛｲﾄﾞEW,17110,,殺虫剤,ｼﾌﾙﾄﾘﾝ,3A,,,,,,,,
ﾛﾃﾞｨｰ乳剤,17113,,殺虫剤,ﾌｪﾝﾌﾟﾛﾊﾟﾄﾘﾝ,3A,,,,,,,,
ﾎｸｺｰﾛﾃﾞｨｰ乳剤,17114,,殺虫剤,ﾌｪﾝﾌﾟﾛﾊﾟﾄﾘﾝ,3A,,,,,,,,
ﾛﾃﾞｨｰ水和剤,17116,,殺虫剤,ﾌｪﾝﾌﾟﾛﾊﾟﾄﾘﾝ,3A,,,,,,,,
ﾎｸｺｰﾛﾃﾞｨｰ水和剤,17117,,殺虫剤,ﾌｪﾝﾌﾟﾛﾊﾟﾄﾘﾝ,3A,,,,,,,,
ﾛﾃﾞｨｰくん煙顆粒,17120,,殺虫剤,ﾌｪﾝﾌﾟﾛﾊﾟﾄﾘﾝ,3A,,,,,,,,
石原ｱﾀﾌﾞﾛﾝ乳剤,17121,,殺虫剤,ｸﾛﾙﾌﾙｱｽﾞﾛﾝ,15,,,,,,,,
日産ﾄﾚﾎﾞﾝ乳剤,17167,,殺虫剤,ｴﾄﾌｪﾝﾌﾟﾛｯｸｽ,3A,,,,,,,,
ｸﾐｱｲﾄﾚﾎﾞﾝ乳剤,17168,,殺虫剤,ｴﾄﾌｪﾝﾌﾟﾛｯｸｽ,3A,,,,,,,,
ｻﾝｹｲﾄﾚﾎﾞﾝ乳剤,17169,,殺虫剤,ｴﾄﾌｪﾝﾌﾟﾛｯｸｽ,3A,,,,,,,,
ｶﾞｰﾃﾞﾝｱｰｽA,17251,,殺虫剤,ﾍﾟﾙﾒﾄﾘﾝ,3A,,,,,,,,
日曹ｽｶｳﾄﾌﾛｱﾌﾞﾙ,17253,,殺虫剤,ﾄﾗﾛﾒﾄﾘﾝ,3A,,,,,,,,
ｶﾞｾﾞｯﾄ粒剤,17400,,殺虫剤,ｶﾙﾎﾞｽﾙﾌｧﾝ,1A,,,,,,,,
ﾄﾚﾎﾞﾝｴｱｰ,17541,,殺虫剤,ｴﾄﾌｪﾝﾌﾟﾛｯｸｽ,3A,,,,,,,,
ｽﾐﾛﾃﾞｨｰ乳剤,17587,,殺虫剤,ﾌｪﾝﾌﾟﾛﾊﾟﾄﾘﾝ,3A,MEP,1B,,,,,,
ﾀﾞｲｱｼﾞﾉﾝSLｿﾞﾙ,17620,,殺虫剤,ﾀﾞｲｱｼﾞﾉﾝ,1B,,,,,,,,
炭酸ｶﾞｽ,17631,,殺虫剤,二酸化炭素,「-」,,,,,,,,
ﾐﾙﾍﾞﾉｯｸ乳剤,17722,,殺虫剤,ﾐﾙﾍﾞﾒｸﾁﾝ,6,,,,,,,,
ｸﾐｱｲﾉｰﾓﾙﾄ乳剤,17733,,殺虫剤,ﾃﾌﾙﾍﾞﾝｽﾞﾛﾝ,15,,,,,,,,
日農ﾉｰﾓﾙﾄ乳剤,17734,,殺虫剤,ﾃﾌﾙﾍﾞﾝｽﾞﾛﾝ,15,,,,,,,,
ﾊﾟﾀﾞﾝﾄﾚﾎﾞﾝ粒剤L,17743,,殺虫剤,ｴﾄﾌｪﾝﾌﾟﾛｯｸｽ,3A,ｶﾙﾀｯﾌﾟ,14,,,,,,
ｸﾐｱｲﾊﾟﾀﾞﾝﾄﾚﾎﾞﾝ粒剤L,17744,,殺虫剤,ｴﾄﾌｪﾝﾌﾟﾛｯｸｽ,3A,ｶﾙﾀｯﾌﾟ,14,,,,,,
ﾀﾞﾆﾄﾛﾝﾌﾛｱﾌﾞﾙ,17801,,殺虫剤,ﾌｪﾝﾋﾟﾛｷｼﾒｰﾄ,21A,,,,,,,,
ｻﾝﾏｲﾄ水和剤,17813,,殺虫剤,ﾋﾟﾘﾀﾞﾍﾞﾝ,21A,,,,,,,,
ｻﾝﾏｲﾄﾌﾛｱﾌﾞﾙ,17814,,殺虫剤,ﾋﾟﾘﾀﾞﾍﾞﾝ,21A,,,,,,,,
ｱﾃﾞｨｵﾝﾌﾛｱﾌﾞﾙ,17852,,殺虫剤,ﾍﾟﾙﾒﾄﾘﾝ,3A,,,,,,,,
ｻﾝｹｲｱﾃﾞｨｵﾝﾌﾛｱﾌﾞﾙ,17855,,殺虫剤,ﾍﾟﾙﾒﾄﾘﾝ,3A,,,,,,,,
くん蒸用炭酸ｶﾞｽ,17890,,殺虫剤,二酸化炭素,「-」,,,,,,,,
ﾋﾞﾘｰﾌﾞ水和剤,17902,,殺虫剤,ｼﾊﾛﾄﾘﾝ,3A,ｼﾞﾌﾙﾍﾞﾝｽﾞﾛﾝ,15,,,,,,
ｽﾐﾛﾃﾞｨｰ水和剤,17924,,殺虫剤,ﾌｪﾝﾌﾟﾛﾊﾟﾄﾘﾝ,3A,MEP,1B,,,,,,
日農ｱﾌﾟﾛｰﾄﾞﾊﾟﾀﾞﾝ粒剤,17937,,殺虫剤,ｶﾙﾀｯﾌﾟ,14,ﾌﾞﾌﾟﾛﾌｪｼﾞﾝ,16,,,,,,
ﾏﾌﾞﾘｯｸEW,17943,,殺虫剤,ﾌﾙﾊﾞﾘﾈｰﾄ,3A,,,,,,,,
ｸﾐｱｲﾏﾌﾞﾘｯｸEW,17944,,殺虫剤,ﾌﾙﾊﾞﾘﾈｰﾄ,3A,,,,,,,,
ｱｸﾞﾛｽﾀﾞｲｱｼﾞﾉﾝ水和剤34,18039,,殺虫剤,ﾀﾞｲｱｼﾞﾉﾝ,1B,,,,,,,,
ﾃﾃﾞｵﾝ乳剤,18076,,殺虫剤,ﾃﾄﾗｼﾞﾎﾝ,12D,,,,,,,,
石原ﾈﾏﾄﾘﾝ粒剤,18079,,殺虫剤,ﾎｽﾁｱｾﾞｰﾄ,1B,,,,,,,,
日産ﾃﾙｽﾀｰ水和剤,18082,,殺虫剤,ﾋﾞﾌｪﾝﾄﾘﾝ,3A,,,,,,,,
ﾄﾚﾎﾞﾝｻｰﾌ,18102,,殺虫剤,ｴﾄﾌｪﾝﾌﾟﾛｯｸｽ,3A,,,,,,,,
ﾄｸﾁｵﾝ細粒剤F,18130,,殺虫剤,ﾌﾟﾛﾁｵﾎｽ,1B,,,,,,,,
ｻﾆｰﾌｨｰﾙﾄﾞ乳剤,18131,,殺虫剤,ｴﾄﾌｪﾝﾌﾟﾛｯｸｽ,3A,,,,,,,,
ｱｸﾞﾛｽﾀﾞｲｱｼﾞﾉﾝ乳剤40,18136,,殺虫剤,ﾀﾞｲｱｼﾞﾉﾝ,1B,,,,,,,,
石原ｱﾀﾌﾞﾛﾝSC,18138,,殺虫剤,ｸﾛﾙﾌﾙｱｽﾞﾛﾝ,15,,,,,,,,
ﾛｰﾇ･ﾌﾟｰﾗﾝﾃﾞﾅﾎﾟﾝ5%ﾍﾞｲﾄ,18184,,殺虫剤,NAC,1A,,,,,,,,
ﾛｰﾇ･ﾌﾟｰﾗﾝﾐｸﾛﾃﾞﾅﾎﾟﾝ水和剤85,18186,,殺虫剤,NAC,1A,,,,,,,,
ｵﾝｺﾙ粒剤1,18190,,殺虫剤,ﾍﾞﾝﾌﾗｶﾙﾌﾞ,1A,,,,,,,,
ﾛｰﾇ･ﾌﾟｰﾗﾝﾃﾞﾅﾎﾟﾝ水和剤50,18191,,殺虫剤,NAC,1A,,,,,,,,
ｴｷｶ炭酸ｶﾞｽ,18194,,殺虫剤,二酸化炭素,「-」,,,,,,,,
ｱﾄﾞﾏｲﾔｰ水和剤,18211,,殺虫剤,ｲﾐﾀﾞｸﾛﾌﾟﾘﾄﾞ,4A,,,,,,,,
ｸﾐｱｲｱﾄﾞﾏｲﾔｰ水和剤,18212,,殺虫剤,ｲﾐﾀﾞｸﾛﾌﾟﾘﾄﾞ,4A,,,,,,,,
ｱﾄﾞﾏｲﾔｰ1粒剤,18218,,殺虫剤,ｲﾐﾀﾞｸﾛﾌﾟﾘﾄﾞ,4A,,,,,,,,
ｸﾐｱｲｱﾄﾞﾏｲﾔｰ1粒剤,18220,,殺虫剤,ｲﾐﾀﾞｸﾛﾌﾟﾘﾄﾞ,4A,,,,,,,,
ｵﾚｰﾄ液剤,18249,,殺虫剤,ｵﾚｲﾝ酸ﾅﾄﾘｳﾑ,「-」,,,,,,,,
ｶﾀﾞﾝV,18253,,殺虫剤,ﾍﾟﾙﾒﾄﾘﾝ,3A,,,,,,,,
ﾄﾚﾎﾞﾝEW,18270,,殺虫剤,ｴﾄﾌｪﾝﾌﾟﾛｯｸｽ,3A,,,,,,,,
ﾌｫｰｽ粒剤,18311,,殺虫剤,ﾃﾌﾙﾄﾘﾝ,3A,,,,,,,,
日農ﾌｫｰｽ粒剤,18313,,殺虫剤,ﾃﾌﾙﾄﾘﾝ,3A,,,,,,,,
ﾋﾟﾗﾆｶ水和剤,18339,,殺虫剤,ﾃﾌﾞﾌｪﾝﾋﾟﾗﾄﾞ,"21A(I*), 「-」(F*)",,,,,,,,
ｸﾐｱｲﾋﾟﾗﾆｶ水和剤,18340,,殺虫剤,ﾃﾌﾞﾌｪﾝﾋﾟﾗﾄﾞ,"21A(I*), 「-」(F*)",,,,,,,,
日曹ﾋﾟﾗﾆｶ水和剤,18341,,殺虫剤,ﾃﾌﾞﾌｪﾝﾋﾟﾗﾄﾞ,"21A(I*), 「-」(F*)",,,,,,,,
ﾋﾟﾗﾆｶEW,18343,,殺虫剤,ﾃﾌﾞﾌｪﾝﾋﾟﾗﾄﾞ,"21A(I*), 「-」(F*)",,,,,,,,
ｸﾐｱｲﾋﾟﾗﾆｶEW,18344,,殺虫剤,ﾃﾌﾞﾌｪﾝﾋﾟﾗﾄﾞ,"21A(I*), 「-」(F*)",,,,,,,,
日曹ﾋﾟﾗﾆｶEW,18345,,殺虫剤,ﾃﾌﾞﾌｪﾝﾋﾟﾗﾄﾞ,"21A(I*), 「-」(F*)",,,,,,,,
ｴﾝﾊﾞｰMC,18347,,殺虫剤,ﾍﾟﾙﾒﾄﾘﾝ,3A,,,,,,,,
ｺﾛﾏｲﾄ乳剤,18406,,殺虫剤,ﾐﾙﾍﾞﾒｸﾁﾝ,6,,,,,,,,
ﾃｨﾍﾞｯｸ,18468,,殺虫剤,ﾘﾝ化ｱﾙﾐﾆｳﾑ,24A,,,,,,,,
ｶｽｹｰﾄﾞ乳剤,18500,,殺虫剤,ﾌﾙﾌｪﾉｸｽﾛﾝ,15,,,,,,,,
ｵﾘｵﾝ水和剤40,18504,,殺虫剤,ｱﾗﾆｶﾙﾌﾞ,1A,,,,,,,,
ﾎﾄﾞｶﾞﾔｾﾝﾁｭﾘｰｴｰｽ注入剤,18531,,殺虫剤,塩酸ﾚﾊﾞﾐｿﾞｰﾙ,「-」,,,,,,,,
ｱﾄﾞﾏｲﾔｰﾌﾛｱﾌﾞﾙ,18562,,殺虫剤,ｲﾐﾀﾞｸﾛﾌﾟﾘﾄﾞ,4A,,,,,,,,
ｸﾐｱｲｱﾄﾞﾏｲﾔｰﾌﾛｱﾌﾞﾙ,18563,,殺虫剤,ｲﾐﾀﾞｸﾛﾌﾟﾘﾄﾞ,4A,,,,,,,,
ｻﾝｹｲｽﾐﾛﾃﾞｨｰ乳剤,18659,,殺虫剤,ﾌｪﾝﾌﾟﾛﾊﾟﾄﾘﾝ,3A,MEP,1B,,,,,,
ﾛﾑﾀﾞﾝ粉剤DL,18687,,殺虫剤,ﾃﾌﾞﾌｪﾉｼﾞﾄﾞ,18,,,,,,,,
ﾎｸｺｰﾛﾑﾀﾞﾝ粉剤DL,18688,,殺虫剤,ﾃﾌﾞﾌｪﾉｼﾞﾄﾞ,18,,,,,,,,
ｽﾐﾁｵﾝMC,18718,,殺虫剤,MEP,1B,,,,,,,,
ｻﾝｹｲｽﾐﾁｵﾝMC,18721,,殺虫剤,MEP,1B,,,,,,,,
ｵﾙﾁｵﾝ乳剤,18747,,殺虫剤,ｱｾﾌｪｰﾄ,1B,MEP,1B,,,,,,
NT炭酸ｶﾞｽ,18774,,殺虫剤,二酸化炭素,「-」,,,,,,,,
なげこみﾄﾚﾎﾞﾝ,18793,,殺虫剤,ｴﾄﾌｪﾝﾌﾟﾛｯｸｽ,3A,,,,,,,,
検疫専用三光臭化ﾒﾁﾙ,18877,,殺虫剤,臭化ﾒﾁﾙ,8A,,,,,,,,
検疫専用ﾌﾞﾛﾋｳﾑ,18879,,殺虫剤,臭化ﾒﾁﾙ,8A,,,,,,,,
検疫専用ﾒﾁﾌﾞﾛﾝ,18881,,殺虫剤,臭化ﾒﾁﾙ,8A,,,,,,,,
ｴﾝｽﾄﾘｯﾌﾟ,18929,,殺虫剤,ｵﾝｼﾂﾂﾔｺﾊﾞﾁ,「-（生）」,,,,,,,,
ｽﾐｱﾙﾌｧ乳剤,18939,,殺虫剤,ｴｽﾌｪﾝﾊﾞﾚﾚｰﾄ,3A,,,,,,,,
ﾊﾟﾀﾞﾝSG水溶剤,18950,,殺虫剤,ｶﾙﾀｯﾌﾟ,14,,,,,,,,
ﾅﾒｸﾘｰﾝ,18952,,殺虫剤,ﾒﾀｱﾙﾃﾞﾋﾄﾞ,「-」,,,,,,,,
ｱｰﾃﾞﾝﾄ水和剤,18953,,殺虫剤,ｱｸﾘﾅﾄﾘﾝ,3A,,,,,,,,
日農ｱｰﾃﾞﾝﾄ水和剤,18955,,殺虫剤,ｱｸﾘﾅﾄﾘﾝ,3A,,,,,,,,
ﾏｲﾄｸﾘｰﾝ,18997,,殺虫剤,ﾋﾟﾘﾐｼﾞﾌｪﾝ,21A,,,,,,,,
ﾛﾑﾀﾞﾝﾌﾛｱﾌﾞﾙ,18999,,殺虫剤,ﾃﾌﾞﾌｪﾉｼﾞﾄﾞ,18,,,,,,,,
日農ﾛﾑﾀﾞﾝﾌﾛｱﾌﾞﾙ,19000,,殺虫剤,ﾃﾌﾞﾌｪﾉｼﾞﾄﾞ,18,,,,,,,,
ﾎｸｺｰﾛﾑﾀﾞﾝﾌﾛｱﾌﾞﾙ,19001,,殺虫剤,ﾃﾌﾞﾌｪﾉｼﾞﾄﾞ,18,,,,,,,,
石原ﾈﾏﾄﾘﾝ粒剤10,19045,,殺虫剤,ﾎｽﾁｱｾﾞｰﾄ,1B,,,,,,,,
ﾊﾞｲｵﾘｻ･ｶﾐｷﾘ,19071,,殺虫剤,ﾎﾞｰﾍﾞﾘｱ ﾌﾞﾛﾝﾆｱﾃｨ,「-」,,,,,,,,
ﾍﾞｽﾄｶﾞｰﾄﾞ水溶剤,19102,,殺虫剤,ﾆﾃﾝﾋﾟﾗﾑ,4A,,,,,,,,
ﾍﾞｽﾄｶﾞｰﾄﾞ粒剤,19103,,殺虫剤,ﾆﾃﾝﾋﾟﾗﾑ,4A,,,,,,,,
ﾗﾉｰ乳剤,19109,,殺虫剤,ﾋﾟﾘﾌﾟﾛｷｼﾌｪﾝ,7C,,,,,,,,
ﾓｽﾋﾟﾗﾝ水溶剤,19112,,殺虫剤,ｱｾﾀﾐﾌﾟﾘﾄﾞ,4A,,,,,,,,
ﾓｽﾋﾟﾗﾝ粒剤,19114,,殺虫剤,ｱｾﾀﾐﾌﾟﾘﾄﾞ,4A,,,,,,,,
日農ﾓｽﾋﾟﾗﾝ粒剤,19115,,殺虫剤,ｱｾﾀﾐﾌﾟﾘﾄﾞ,4A,,,,,,,,
ﾌﾞﾙｰｽｶｲ粒剤,19125,,殺虫剤,ｲﾐﾀﾞｸﾛﾌﾟﾘﾄﾞ,4A,,,,,,,,
ｶﾞｰﾄﾞﾜﾝ水和剤,19132,,殺虫剤,ﾃﾌﾞﾌｪﾉｼﾞﾄﾞ,18,,,,,,,,
ﾎｸｺｰｶﾞｰﾄﾞﾜﾝ水和剤,19134,,殺虫剤,ﾃﾌﾞﾌｪﾉｼﾞﾄﾞ,18,,,,,,,,
ｽﾐﾊﾟｲﾝMC,19146,,殺虫剤,MEP,1B,,,,,,,,
ｻﾝｹｲｽﾐﾊﾟｲﾝMC,19147,,殺虫剤,MEP,1B,,,,,,,,
ﾔｼﾏｽﾐﾊﾟｲﾝMC,19148,,殺虫剤,MEP,1B,,,,,,,,
ｸﾐｱｲ機械油乳剤95,19150,,殺虫剤,ﾏｼﾝ油,"UNM(I*),NC(F*)",,,,,,,,
ｲﾂﾞﾂﾔﾏｼﾝ油乳剤95,19152,,殺虫剤,ﾏｼﾝ油,"UNM(I*),NC(F*)",,,,,,,,
ｷﾝｸﾞ95ﾏｼﾝ,19154,,殺虫剤,ﾏｼﾝ油,"UNM(I*),NC(F*)",,,,,,,,
ｻﾝｹｲ高度ﾏｼﾝ95,19155,,殺虫剤,ﾏｼﾝ油,"UNM(I*),NC(F*)",,,,,,,,
ﾄﾓﾉｰﾙ,19158,,殺虫剤,ﾏｼﾝ油,"UNM(I*),NC(F*)",,,,,,,,
特製ｽｹﾙｼﾝ95,19159,,殺虫剤,ﾏｼﾝ油,"UNM(I*),NC(F*)",,,,,,,,
ﾍﾞｼﾞﾀﾒｰﾄAL,19171,,殺虫剤,ﾍﾟﾙﾒﾄﾘﾝ,3A,,,,,,,,
ｺﾃﾂﾌﾛｱﾌﾞﾙ,19184,,殺虫剤,ｸﾛﾙﾌｪﾅﾋﾟﾙ,13,,,,,,,,
ｸﾐｱｲｺﾃﾂﾌﾛｱﾌﾞﾙ,19185,,殺虫剤,ｸﾛﾙﾌｪﾅﾋﾟﾙ,13,,,,,,,,
日曹ｺﾃﾂﾌﾛｱﾌﾞﾙ,19186,,殺虫剤,ｸﾛﾙﾌｪﾅﾋﾟﾙ,13,,,,,,,,
三洋NCS,19233,,殺虫剤,ｶｰﾊﾞﾑ,8F,,,,,,,,
ﾔｼﾏNCS,19249,,殺虫剤,ｶｰﾊﾞﾑ,8F,,,,,,,,
ﾊﾟﾀﾞﾝ1ｷﾛ粒剤,19277,,殺虫剤,ｶﾙﾀｯﾌﾟ,14,,,,,,,,
ﾒｶﾞﾄｯﾌﾟ液剤,19325,,殺虫剤,ﾈﾏﾃﾞｸﾁﾝ,「-」,,,,,,,,
ﾓｽﾋﾟﾗﾝｼﾞｪｯﾄ,19326,,殺虫剤,ｱｾﾀﾐﾌﾟﾘﾄﾞ,4A,,,,,,,,
ﾄﾚﾎﾞﾝMC,19355,,殺虫剤,ｴﾄﾌｪﾝﾌﾟﾛｯｸｽ,3A,,,,,,,,
ﾊﾞｲﾃﾞｰﾄL粒剤,19456,,殺虫剤,ｵｷｻﾐﾙ,1A,,,,,,,,
ﾊﾞｲﾃﾞｰﾄL粒剤,19457,,殺虫剤,ｵｷｻﾐﾙ,1A,,,,,,,,
ﾛﾑﾀﾞﾝｴｱｰ,19513,,殺虫剤,ﾃﾌﾞﾌｪﾉｼﾞﾄﾞ,18,,,,,,,,
日農ﾛﾑﾀﾞﾝｴｱｰ,19514,,殺虫剤,ﾃﾌﾞﾌｪﾉｼﾞﾄﾞ,18,,,,,,,,
ﾎｸｺｰﾛﾑﾀﾞﾝｴｱｰ,19515,,殺虫剤,ﾃﾌﾞﾌｪﾉｼﾞﾄﾞ,18,,,,,,,,
家庭園芸用ﾀﾞｲｱｼﾞﾉﾝ粒剤3,19523,,殺虫剤,ﾀﾞｲｱｼﾞﾉﾝ,1B,,,,,,,,
家庭園芸用ｻﾝｹｲﾀﾞｲｱｼﾞﾉﾝ粒剤3,19526,,殺虫剤,ﾀﾞｲｱｼﾞﾉﾝ,1B,,,,,,,,
南海ｸﾛｰﾙﾋﾟｸﾘﾝ,19557,,殺虫剤,ｸﾛﾙﾋﾟｸﾘﾝ,8B,,,,,,,,
日産ｷﾞｬﾝｸﾞ粒剤,19561,,殺虫剤,ｶﾙﾎﾞｽﾙﾌｧﾝ,1A,ﾌｨﾌﾟﾛﾆﾙ,2B,,,,,,
ｾﾞﾝﾀｰﾘ顆粒水和剤,19616,,殺虫剤,BT(生菌),11A,,,,,,,,
ﾎｸｺｰｾﾞﾝﾀｰﾘ顆粒水和剤,19618,,殺虫剤,BT(生菌),11A,,,,,,,,
ﾗﾉｰﾃｰﾌﾟ,19647,,殺虫剤,ﾋﾟﾘﾌﾟﾛｷｼﾌｪﾝ,7C,,,,,,,,
ｺﾛﾏｲﾄ水和剤,19656,,殺虫剤,ﾐﾙﾍﾞﾒｸﾁﾝ,6,,,,,,,,
ﾄﾚﾎﾞﾝｽｶｲMC,19670,,殺虫剤,ｴﾄﾌｪﾝﾌﾟﾛｯｸｽ,3A,,,,,,,,
野菜用ﾊﾝﾄﾞｽﾌﾟﾚｰ,19682,,殺虫剤,ﾍﾟﾙﾒﾄﾘﾝ,3A,,,,,,,,
花木用ﾊﾝﾄﾞｽﾌﾟﾚｰ,19683,,殺虫剤,ﾍﾟﾙﾒﾄﾘﾝ,3A,,,,,,,,
ｱﾌｧｰﾑ乳剤,19842,,殺虫剤,ｴﾏﾒｸﾁﾝ安息香酸塩,6,,,,,,,,
ｼｮｯﾄﾜﾝ液剤,19878,,殺虫剤,ｴﾏﾒｸﾁﾝ安息香酸塩,6,,,,,,,,
ﾏｲﾈｯｸｽ,19883,,殺虫剤,ｲｻｴｱﾋﾒｺﾊﾞﾁ羽化成虫,「-（生）」,ﾊﾓｸﾞﾘｺﾏﾕﾊﾞﾁ,「-（生）」,,,,,,
ｴｽﾏﾙｸDF,19885,,殺虫剤,BT(生菌),11A,,,,,,,,
ﾃﾞﾙﾌｨﾝ顆粒水和剤,19899,,殺虫剤,BT(生菌),11A,,,,,,,,
ｱﾌﾟﾛｰﾄﾞﾌﾛｱﾌﾞﾙ,19923,,殺虫剤,ﾌﾞﾌﾟﾛﾌｪｼﾞﾝ,16,,,,,,,,
ｱﾌｨﾊﾟｰﾙ,19931,,殺虫剤,ｺﾚﾏﾝｱﾌﾞﾗﾊﾞﾁ,「-（生）」,,,,,,,,
ｲｰﾙﾀﾞｰSG,19939,,殺虫剤,ｱｾﾀﾐﾌﾟﾘﾄﾞ,4A,,,,,,,,
ﾊﾞﾛｯｸﾌﾛｱﾌﾞﾙ,19962,,殺虫剤,ｴﾄｷｻｿﾞｰﾙ,10B,,,,,,,,
住化ﾋﾞﾙｸ水和剤,19964,,殺虫剤,ｴﾄｷｻｿﾞｰﾙ,10B,ﾌｪﾝﾌﾟﾛﾊﾟﾄﾘﾝ,3A,,,,,,
ｵﾙﾄﾗﾝｶﾌﾟｾﾙ,19979,,殺虫剤,ｱｾﾌｪｰﾄ,1B,,,,,,,,
ﾌｧｲﾌﾞｽﾀｰ顆粒水和剤,19988,,殺虫剤,BT(生菌),11A,,,,,,,,
ｵﾙﾄﾗﾝ水和剤,19992,,殺虫剤,ｱｾﾌｪｰﾄ,1B,,,,,,,,
ｵﾙﾄﾗﾝ粒剤,19993,,殺虫剤,ｱｾﾌｪｰﾄ,1B,,,,,,,,
日農ﾛﾑﾀﾞﾝｿﾞﾙ,20004,,殺虫剤,ﾃﾌﾞﾌｪﾉｼﾞﾄﾞ,18,,,,,,,,
ﾛﾑﾀﾞﾝｿﾞﾙ,20005,,殺虫剤,ﾃﾌﾞﾌｪﾉｼﾞﾄﾞ,18,,,,,,,,
ﾎｸｺｰﾛﾑﾀﾞﾝｿﾞﾙ,20006,,殺虫剤,ﾃﾌﾞﾌｪﾉｼﾞﾄﾞ,18,,,,,,,,
ﾏｯﾁ乳剤,20016,,殺虫剤,ﾙﾌｪﾇﾛﾝ,15,,,,,,,,
ﾄｱﾛｰﾌﾛｱﾌﾞﾙCT,20056,,殺虫剤,BT(死菌),11A,,,,,,,,
ﾊﾟｽﾄﾘｱ水和剤,20064,,殺虫剤,ﾊﾟｽﾂｰﾘｱ ﾍﾟﾈﾄﾗﾝｽ,「-」,,,,,,,,
ｼｮｯﾄｶﾞﾝ,20091,,殺虫剤,ﾀﾞｲｱｼﾞﾉﾝ,1B,,,,,,,,
ﾓｽﾋﾟﾗﾝ液剤,20102,,殺虫剤,ｱｾﾀﾐﾌﾟﾘﾄﾞ,4A,,,,,,,,
ｱﾌﾟﾛｰﾄﾞｴｰｽﾌﾛｱﾌﾞﾙ,20106,,殺虫剤,ﾌｪﾝﾋﾟﾛｷｼﾒｰﾄ,21A,ﾌﾞﾌﾟﾛﾌｪｼﾞﾝ,16,,,,,,
ﾁｪｽ水和剤,20124,,殺虫剤,ﾋﾟﾒﾄﾛｼﾞﾝ,9B,,,,,,,,
ﾁｪｽ粒剤,20128,,殺虫剤,ﾋﾟﾒﾄﾛｼﾞﾝ,9B,,,,,,,,
ｶﾞｳﾁｮVM,20160,,殺虫剤,ｲﾐﾀﾞｸﾛﾌﾟﾘﾄﾞ,4A,,,,,,,,
ｽﾋﾟﾉｴｰｽﾌﾛｱﾌﾞﾙ,20174,,殺虫剤,ｽﾋﾟﾉｻﾄﾞ,5,,,,,,,,
ｽﾋﾟﾉｴｰｽ顆粒水和剤,20178,,殺虫剤,ｽﾋﾟﾉｻﾄﾞ,5,,,,,,,,
日産ｽﾋﾟﾉｴｰｽ顆粒水和剤,20179,,殺虫剤,ｽﾋﾟﾉｻﾄﾞ,5,,,,,,,,
ｸﾐｱｲｽﾋﾟﾉｴｰｽ顆粒水和剤,20180,,殺虫剤,ｽﾋﾟﾉｻﾄﾞ,5,,,,,,,,
ｶﾈﾏｲﾄﾌﾛｱﾌﾞﾙ,20187,,殺虫剤,ｱｾｷﾉｼﾙ,20B,,,,,,,,
ｸｵｰｸﾌﾛｱﾌﾞﾙ,20190,,殺虫剤,BT(生菌),11A,,,,,,,,
ｸﾛﾋﾟｸﾃｰﾌﾟ,20207,,殺虫剤,ｸﾛﾙﾋﾟｸﾘﾝ,8B,,,,,,,,
ｼｮｯﾄﾜﾝ･ﾂｰ液剤,20238,,殺虫剤,ｴﾏﾒｸﾁﾝ安息香酸塩,6,,,,,,,,
石原ﾈﾏﾄﾘﾝｴｰｽ粒剤,20265,,殺虫剤,ﾎｽﾁｱｾﾞｰﾄ,1B,,,,,,,,
ﾀﾞｲｱｼﾞﾉﾝ粒剤10,20304,,殺虫剤,ﾀﾞｲｱｼﾞﾉﾝ,1B,,,,,,,,
ﾏﾄﾘｯｸﾌﾛｱﾌﾞﾙ,20309,,殺虫剤,ｸﾛﾏﾌｪﾉｼﾞﾄﾞ,18,,,,,,,,
ｻﾝｸﾘｽﾀﾙ乳剤,20316,,殺虫剤,脂肪酸ｸﾞﾘｾﾘﾄﾞ(虫),「-」,,,,,,,,
ｸﾞﾗﾝﾄﾞｵﾝｺﾙ粒剤,20317,,殺虫剤,ﾍﾞﾝﾌﾗｶﾙﾌﾞ,1A,,,,,,,,
ﾏﾂｸﾞﾘｰﾝ液剤,20330,,殺虫剤,ｱｾﾀﾐﾌﾟﾘﾄﾞ,4A,,,,,,,,
ｱﾄﾞﾏｲﾔｰ顆粒水和剤,20342,,殺虫剤,ｲﾐﾀﾞｸﾛﾌﾟﾘﾄﾞ,4A,,,,,,,,
ｸﾐｱｲｱﾄﾞﾏｲﾔｰ顆粒水和剤,20343,,殺虫剤,ｲﾐﾀﾞｸﾛﾌﾟﾘﾄﾞ,4A,,,,,,,,
ｵﾝﾀﾞｲｱｴｰｽ粒剤,20345,,殺虫剤,ﾀﾞｲｱｼﾞﾉﾝ,1B,ﾍﾞﾝﾌﾗｶﾙﾌﾞ,1A,,,,,,
粘着くん液剤,20388,,殺虫剤,ﾋﾄﾞﾛｷｼﾌﾟﾛﾋﾟﾙﾃﾞﾝﾌﾟﾝ,「-」,,,,,,,,
ﾏﾂｶﾞｰﾄﾞ,20403,,殺虫剤,ﾐﾙﾍﾞﾒｸﾁﾝ,6,,,,,,,,
ｹﾞｯﾄｱｳﾄWDG,20406,,殺虫剤,ｼﾍﾟﾙﾒﾄﾘﾝ,3A,,,,,,,,
ﾏｲﾄｺｰﾈﾌﾛｱﾌﾞﾙ,20448,,殺虫剤,ﾋﾞﾌｪﾅｾﾞｰﾄ,20D,,,,,,,,
ﾅﾒﾄｯｸｽ液,20475,,殺虫剤,ﾒﾀｱﾙﾃﾞﾋﾄﾞ,「-」,,,,,,,,
ﾁｭｰﾝｱｯﾌﾟ顆粒水和剤,20479,,殺虫剤,BT(生菌),11A,,,,,,,,
ｴｺﾋｭｰﾑ,20502,,殺虫剤,ﾒﾁﾙｲｿﾁｵｼｱﾈｰﾄ,8F,,,,,,,,
ﾗｸﾞﾋﾞｰMC粒剤,20533,,殺虫剤,ｶｽﾞｻﾎｽ,1B,,,,,,,,
ｵﾘｽﾀｰA,20572,,殺虫剤,ﾀｲﾘｸﾋﾒﾊﾅｶﾒﾑｼ,「-（生）」,,,,,,,,
ﾂﾔﾄｯﾌﾟ,20573,,殺虫剤,ｵﾝｼﾂﾂﾔｺﾊﾞﾁ,「-（生）」,,,,,,,,
ｶｹﾞﾀﾛｳ,20599,,殺虫剤,ﾔﾏﾄｸｻｶｹﾞﾛｳ,「-（生）」,,,,,,,,
ｱｶﾘﾀｯﾁ乳剤,20609,,殺虫剤,ﾌﾟﾛﾋﾟﾚﾝｸﾞﾘｺｰﾙﾓﾉ脂肪酸ｴｽﾃﾙ,「-」,,,,,,,,
ﾊﾞﾘｱｰﾄﾞ顆粒水和剤,20618,,殺虫剤,ﾁｱｸﾛﾌﾟﾘﾄﾞ,4A,,,,,,,,
ﾊﾞﾘｱｰﾄﾞ箱粒剤,20621,,殺虫剤,ﾁｱｸﾛﾌﾟﾘﾄﾞ,4A,,,,,,,,
ﾓｽﾋﾟﾗﾝSL液剤,20641,,殺虫剤,ｱｾﾀﾐﾌﾟﾘﾄﾞ,4A,,,,,,,,
日農ﾓｽﾋﾟﾗﾝSL液剤,20642,,殺虫剤,ｱｾﾀﾐﾌﾟﾘﾄﾞ,4A,,,,,,,,
ﾌﾟﾘﾌｧｰﾄﾞ水和剤,20645,,殺虫剤,ﾍﾟｷﾛﾏｲｾｽ ﾌﾓｿﾛｾｳｽ,「-（生）」,,,,,,,,
ﾌﾛｰﾊﾞｯｸDF,20653,,殺虫剤,BT(生菌),11A,,,,,,,,
ﾀｲﾘｸ,20657,,殺虫剤,ﾀｲﾘｸﾋﾒﾊﾅｶﾒﾑｼ,「-（生）」,,,,,,,,
ﾀﾌﾊﾞﾘｱﾌﾛｱﾌﾞﾙ,20664,,殺虫剤,ｲﾐﾀﾞｸﾛﾌﾟﾘﾄﾞ,4A,,,,,,,,
ｱｸﾀﾗ顆粒水溶剤,20672,,殺虫剤,ﾁｱﾒﾄｷｻﾑ,4A,,,,,,,,
ｱｸﾀﾗ粒剤5,20673,,殺虫剤,ﾁｱﾒﾄｷｻﾑ,4A,,,,,,,,
ｱｸﾀﾗ箱粒剤,20674,,殺虫剤,ﾁｱﾒﾄｷｻﾑ,4A,,,,,,,,
ﾗﾝﾅｰ粉剤DL,20675,,殺虫剤,ﾒﾄｷｼﾌｪﾉｼﾞﾄﾞ,18,,,,,,,,
ﾌｧﾙｺﾝﾌﾛｱﾌﾞﾙ,20676,,殺虫剤,ﾒﾄｷｼﾌｪﾉｼﾞﾄﾞ,18,,,,,,,,
ｴｺﾜﾝﾌﾛｱﾌﾞﾙ,20696,,殺虫剤,ﾁｱｸﾛﾌﾟﾘﾄﾞ,4A,,,,,,,,
ｴｺﾌｧｲﾀｰﾌﾛｱﾌﾞﾙ,20697,,殺虫剤,ﾁｱｸﾛﾌﾟﾘﾄﾞ,4A,,,,,,,,
ｽﾐﾁｵﾝ粉剤3DL,20726,,殺虫剤,MEP,1B,,,,,,,,
ｽﾐﾁｵﾝ粉剤2DL,20727,,殺虫剤,MEP,1B,,,,,,,,
ﾌﾙｽｳｨﾝｸﾞ,20733,,殺虫剤,ｸﾛﾁｱﾆｼﾞﾝ,4A,,,,,,,,
ﾏﾗｿﾝ乳剤,20737,,殺虫剤,ﾏﾗｿﾝ,1B,,,,,,,,
ﾏﾗｿﾝ粉剤3,20738,,殺虫剤,ﾏﾗｿﾝ,1B,,,,,,,,
ｶﾔｸﾀﾞﾌﾞﾙｽﾄｯﾊﾟｰ,20749,,殺虫剤,ｸﾛﾙﾋﾟｸﾘﾝ,8B,D-D,8A,,,,,,
ﾊﾞｲｹｰﾝ,20782,,殺虫剤,ﾌｯ化ｽﾙﾌﾘﾙ,8C,,,,,,,,
ﾃﾙｽﾀｰ水和剤,20791,,殺虫剤,ﾋﾞﾌｪﾝﾄﾘﾝ,3A,,,,,,,,
FMCｶﾞｾﾞｯﾄ粒剤,20794,,殺虫剤,ｶﾙﾎﾞｽﾙﾌｧﾝ,1A,,,,,,,,
FMCｱﾄﾞﾊﾞﾝﾃｰｼﾞS粒剤,20796,,殺虫剤,ｶﾙﾎﾞｽﾙﾌｧﾝ,1A,,,,,,,,
ﾀﾞﾝﾄﾂ水溶剤,20798,,殺虫剤,ｸﾛﾁｱﾆｼﾞﾝ,4A,,,,,,,,
ﾀﾞﾝﾄﾂ粒剤,20800,,殺虫剤,ｸﾛﾁｱﾆｼﾞﾝ,4A,,,,,,,,
ﾀﾞﾝﾄﾂ粉剤DL,20801,,殺虫剤,ｸﾛﾁｱﾆｼﾞﾝ,4A,,,,,,,,
ｽﾀｰｸﾙ粒剤,20805,,殺虫剤,ｼﾞﾉﾃﾌﾗﾝ,4A,,,,,,,,
ｱﾙﾊﾞﾘﾝ粒剤,20806,,殺虫剤,ｼﾞﾉﾃﾌﾗﾝ,4A,,,,,,,,
ﾎｸｺｰｽﾀｰｸﾙ粒剤,20807,,殺虫剤,ｼﾞﾉﾃﾌﾗﾝ,4A,,,,,,,,
ｽﾀｰｸﾙ箱粒剤,20808,,殺虫剤,ｼﾞﾉﾃﾌﾗﾝ,4A,,,,,,,,
ｽﾀｰｸﾙ顆粒水溶剤,20811,,殺虫剤,ｼﾞﾉﾃﾌﾗﾝ,4A,,,,,,,,
ｱﾙﾊﾞﾘﾝ顆粒水溶剤,20812,,殺虫剤,ｼﾞﾉﾃﾌﾗﾝ,4A,,,,,,,,
ﾎｸｺｰｽﾀｰｸﾙ顆粒水溶剤,20813,,殺虫剤,ｼﾞﾉﾃﾌﾗﾝ,4A,,,,,,,,
ｽﾀｰｸﾙ粉剤DL,20814,,殺虫剤,ｼﾞﾉﾃﾌﾗﾝ,4A,,,,,,,,
ｱﾙﾊﾞﾘﾝ粉剤DL,20815,,殺虫剤,ｼﾞﾉﾃﾌﾗﾝ,4A,,,,,,,,
ﾎｸｺｰｽﾀｰｸﾙ粉剤DL,20816,,殺虫剤,ｼﾞﾉﾃﾌﾗﾝ,4A,,,,,,,,
ﾊﾁﾊﾁ乳剤,20818,,殺虫剤,ﾄﾙﾌｪﾝﾋﾟﾗﾄﾞ,"21A(I*), 39(F*)",,,,,,,,
ﾀﾞﾝﾄﾂ箱粒剤,20827,,殺虫剤,ｸﾛﾁｱﾆｼﾞﾝ,4A,,,,,,,,
ｽﾀｰｸﾙﾄﾚﾎﾞﾝ粉剤DL,20836,,殺虫剤,ｴﾄﾌｪﾝﾌﾟﾛｯｸｽ,3A,ｼﾞﾉﾃﾌﾗﾝ,4A,,,,,,
ﾏﾂｸﾞﾘｰﾝ液剤2,20838,,殺虫剤,ｱｾﾀﾐﾌﾟﾘﾄﾞ,4A,,,,,,,,
ｽﾐﾁｵﾝﾄﾚﾎﾞﾝ粉剤DL,20840,,殺虫剤,ｴﾄﾌｪﾝﾌﾟﾛｯｸｽ,3A,MEP,1B,,,,,,
ﾃﾙｽﾀｰﾌﾛｱﾌﾞﾙ,20844,,殺虫剤,ﾋﾞﾌｪﾝﾄﾘﾝ,3A,,,,,,,,
ﾒﾘﾄｯﾌﾟ,20851,,殺虫剤,ｸｸﾒﾘｽｶﾌﾞﾘﾀﾞﾆ,「-（生）」,,,,,,,,
ﾁﾘﾄｯﾌﾟ,20852,,殺虫剤,ﾁﾘｶﾌﾞﾘﾀﾞﾆ,「-（生）」,,,,,,,,
ﾗﾝﾈｰﾄ45DF,20863,,殺虫剤,ﾒｿﾐﾙ,1A,,,,,,,,
ﾂﾔｺﾊﾞﾁEF30,20869,,殺虫剤,ｵﾝｼﾂﾂﾔｺﾊﾞﾁ,「-（生）」,,,,,,,,
ﾋﾒﾄｯﾌﾟ,20884,,殺虫剤,ｲｻｴｱﾋﾒｺﾊﾞﾁ羽化成虫,「-（生）」,,,,,,,,
ｺﾚﾄｯﾌﾟ,20885,,殺虫剤,ｺﾚﾏﾝｱﾌﾞﾗﾊﾞﾁ,「-（生）」,,,,,,,,
ｴｺﾜﾝ3ﾌﾛｱﾌﾞﾙ,20897,,殺虫剤,ﾁｱｸﾛﾌﾟﾘﾄﾞ,4A,,,,,,,,
ｴｺﾌｧｲﾀｰﾌﾛｱﾌﾞﾙ3,20898,,殺虫剤,ﾁｱｸﾛﾌﾟﾘﾄﾞ,4A,,,,,,,,
ﾊﾞｲｵﾏｯｸｽDF,20899,,殺虫剤,BT(生菌),11A,,,,,,,,
ｶﾞｰﾄﾞﾍﾞｲﾄA,20919,,殺虫剤,ﾍﾟﾙﾒﾄﾘﾝ,3A,,,,,,,,
ｶﾀﾞﾝｾｰﾌ,20924,,殺虫剤,ｿﾙﾋﾞﾀﾝ脂肪酸ｴｽﾃﾙ(殺虫),「-」,,,,,,,,
ｼﾞｪﾈﾚｰﾄ粒剤,20938,,殺虫剤,ｱｾﾌｪｰﾄ,1B,,,,,,,,
ｼﾞｪｲｴｰｽ粒剤,20939,,殺虫剤,ｱｾﾌｪｰﾄ,1B,,,,,,,,
｢興農｣ｼﾞｪﾈﾚｰﾄ粒剤,20940,,殺虫剤,ｱｾﾌｪｰﾄ,1B,,,,,,,,
ﾎﾞﾀﾆｶﾞｰﾄﾞES,20956,,殺虫剤,ﾎﾞｰﾍﾞﾘｱ ﾊﾞｼｱｰﾅGHA,UNF,,,,,,,,
三井東圧ｱﾙﾊﾞﾘﾝ粒剤,20959,,殺虫剤,ｼﾞﾉﾃﾌﾗﾝ,4A,,,,,,,,
三井東圧ｱﾙﾊﾞﾘﾝ箱粒剤,20960,,殺虫剤,ｼﾞﾉﾃﾌﾗﾝ,4A,,,,,,,,
三井東圧ｱﾙﾊﾞﾘﾝ顆粒水溶剤,20961,,殺虫剤,ｼﾞﾉﾃﾌﾗﾝ,4A,,,,,,,,
三井東圧ｱﾙﾊﾞﾘﾝ粉剤DL,20962,,殺虫剤,ｼﾞﾉﾃﾌﾗﾝ,4A,,,,,,,,
ﾅﾐﾄｯﾌﾟ,20964,,殺虫剤,ﾅﾐﾃﾝﾄｳ成虫,「-（生）」,,,,,,,,
ｶﾞｰﾃﾞﾝｱｰｽB,20965,,殺虫剤,ﾍﾟﾙﾒﾄﾘﾝ,3A,,,,,,,,
ｼﾞｪﾈﾚｰﾄ水溶剤,20966,,殺虫剤,ｱｾﾌｪｰﾄ,1B,,,,,,,,
ｼﾞｪｲｴｰｽ水溶剤,20967,,殺虫剤,ｱｾﾌｪｰﾄ,1B,,,,,,,,
｢興農｣ｼﾞｪﾈﾚｰﾄ水溶剤,20968,,殺虫剤,ｱｾﾌｪｰﾄ,1B,,,,,,,,
ﾊﾏｷ天敵,21041,,殺虫剤,ﾁｬﾊﾏｷ顆粒病ｳｲﾙｽ,「-（生）」,ﾘﾝｺﾞｺｶｸﾓﾝﾊﾏｷ顆粒病ｳｲﾙｽ,「-（生）」,,,,,,
石原ｶﾞｾﾞｯﾄ粒剤,21046,,殺虫剤,ｶﾙﾎﾞｽﾙﾌｧﾝ,1A,,,,,,,,
日農ﾊﾁﾊﾁﾌﾛｱﾌﾞﾙ,21055,,殺虫剤,ﾄﾙﾌｪﾝﾋﾟﾗﾄﾞ,"21A(I*), 39(F*)",,,,,,,,
ﾊﾁﾊﾁﾌﾛｱﾌﾞﾙ,21056,,殺虫剤,ﾄﾙﾌｪﾝﾋﾟﾗﾄﾞ,"21A(I*), 39(F*)",,,,,,,,
ﾗﾝﾅｰﾌﾛｱﾌﾞﾙ,21057,,殺虫剤,ﾒﾄｷｼﾌｪﾉｼﾞﾄﾞ,18,,,,,,,,
ｱﾘｶﾞﾀ,21060,,殺虫剤,ｱﾘｶﾞﾀｼﾏｱｻﾞﾐｳﾏ,「-（生）」,,,,,,,,
ｴﾙｶｰﾄﾞ,21070,,殺虫剤,ｻﾊﾞｸﾂﾔｺﾊﾞﾁ成虫,「-（生）」,,,,,,,,
石原ｱﾄﾞﾊﾞﾝﾃｰｼﾞS粒剤,21074,,殺虫剤,ｶﾙﾎﾞｽﾙﾌｧﾝ,1A,,,,,,,,
石原ﾗｸﾞﾋﾞｰMC粒剤,21095,,殺虫剤,ｶｽﾞｻﾎｽ,1B,,,,,,,,
ﾀﾞﾆｴﾓﾝﾌﾛｱﾌﾞﾙ,21097,,殺虫剤,ｽﾋﾟﾛｼﾞｸﾛﾌｪﾝ,23,,,,,,,,
ｴｺﾏｲﾄ顆粒水和剤,21098,,殺虫剤,ｽﾋﾟﾛｼﾞｸﾛﾌｪﾝ,23,,,,,,,,
ｽﾋﾟﾉｴｰｽ箱粒剤,21108,,殺虫剤,ｽﾋﾟﾉｻﾄﾞ,5,,,,,,,,
ｸﾛﾋﾟｸﾌﾛｰ,21220,,殺虫剤,ｸﾛﾙﾋﾟｸﾘﾝ,8B,,,,,,,,
ﾀﾞﾆﾒﾂﾌﾛｱﾌﾞﾙ,21237,,殺虫剤,ｴﾄｷｻｿﾞｰﾙ,10B,ｵﾚｲﾝ酸ﾅﾄﾘｳﾑ,「-」,,,,,,
ﾀﾞﾝﾄﾂH粉剤DL,21242,,殺虫剤,ｸﾛﾁｱﾆｼﾞﾝ,4A,,,,,,,,
ｽﾀｰｸﾙL粉剤DL,21248,,殺虫剤,ｼﾞﾉﾃﾌﾗﾝ,4A,,,,,,,,
ﾀﾞﾝﾄﾂﾌﾛｱﾌﾞﾙ,21258,,殺虫剤,ｸﾛﾁｱﾆｼﾞﾝ,4A,,,,,,,,
ｽﾀｰｸﾙ液剤10,21259,,殺虫剤,ｼﾞﾉﾃﾌﾗﾝ,4A,,,,,,,,
ｽﾀｰｸﾙﾒｲﾄ液剤10,21260,,殺虫剤,ｼﾞﾉﾃﾌﾗﾝ,4A,,,,,,,,
ﾓﾘｴｰﾄSC,21267,,殺虫剤,ｸﾛﾁｱﾆｼﾞﾝ,4A,,,,,,,,
ｽﾀｰｸﾙ1ｷﾛH粒剤,21276,,殺虫剤,ｼﾞﾉﾃﾌﾗﾝ,4A,,,,,,,,
ｽﾀｰｸﾙﾒｲﾄ1ｷﾛH粒剤,21277,,殺虫剤,ｼﾞﾉﾃﾌﾗﾝ,4A,,,,,,,,
ｶｳﾝﾀｰ乳剤,21303,,殺虫剤,ﾉﾊﾞﾙﾛﾝ,15,,,,,,,,
ﾏｶﾞﾝｶｳﾝﾀｰ乳剤,21304,,殺虫剤,ﾉﾊﾞﾙﾛﾝ,15,,,,,,,,
出光ﾊｰﾍﾞｽﾄｵｲﾙ,21305,,殺虫剤,ﾏｼﾝ油,"UNM(I*),NC(F*)",,,,,,,,
兼商ﾊﾞｲｽﾛｲﾄﾞEW,21308,,殺虫剤,ｼﾌﾙﾄﾘﾝ,3A,,,,,,,,
ﾌﾟﾚｵﾌﾛｱﾌﾞﾙ,21333,,殺虫剤,ﾋﾟﾘﾀﾞﾘﾙ,UN,,,,,,,,
ﾄﾚﾎﾞﾝL粉剤DL,21337,,殺虫剤,ｴﾄﾌｪﾝﾌﾟﾛｯｸｽ,3A,,,,,,,,
ﾄｽﾊﾟｯｸ,21361,,殺虫剤,ﾀｲﾘｸﾋﾒﾊﾅｶﾒﾑｼ,「-（生）」,,,,,,,,
不可欠用途専用三光臭化ﾒﾁﾙ,21398,,殺虫剤,臭化ﾒﾁﾙ,8A,,,,,,,,
検疫専用ﾖｳ化ﾒﾁﾙ,21407,,殺虫剤,ﾖｳ化ﾒﾁﾙ,「-」,,,,,,,,
ｸﾙｰｻﾞｰFS30,21409,,殺虫剤,ﾁｱﾒﾄｷｻﾑ,4A,,,,,,,,
ﾘｰｽﾞﾝ顆粒水和剤,21431,,殺虫剤,ﾁｱﾒﾄｷｻﾑ,4A,ﾙﾌｪﾇﾛﾝ,15,,,,,,
ｽﾀｰｸﾙﾒｲﾄL粉剤DL,21435,,殺虫剤,ｼﾞﾉﾃﾌﾗﾝ,4A,,,,,,,,
ｷﾗｯﾌﾟ粉剤DL,21470,,殺虫剤,ｴﾁﾌﾟﾛｰﾙ,2B,,,,,,,,
ｷﾗｯﾌﾟﾌﾛｱﾌﾞﾙ,21471,,殺虫剤,ｴﾁﾌﾟﾛｰﾙ,2B,,,,,,,,
ﾅﾐﾄｯﾌﾟ20,21473,,殺虫剤,ﾅﾐﾃﾝﾄｳ成虫,「-（生）」,,,,,,,,
ﾛﾃﾞｨｰWDG,21476,,殺虫剤,ﾌｪﾝﾌﾟﾛﾊﾟﾄﾘﾝ,3A,,,,,,,,
ﾍﾞﾆｶ水溶剤,21501,,殺虫剤,ｸﾛﾁｱﾆｼﾞﾝ,4A,,,,,,,,
ﾍﾞﾆｶ粒剤,21502,,殺虫剤,ｸﾛﾁｱﾆｼﾞﾝ,4A,,,,,,,,
ｻﾊﾞｸﾄｯﾌﾟ,21511,,殺虫剤,ｻﾊﾞｸﾂﾔｺﾊﾞﾁ羽化成虫,「-（生）」,,,,,,,,
粘着くん水和剤,21513,,殺虫剤,ﾃﾞﾝﾌﾟﾝ,「-」,,,,,,,,
ﾐﾄﾞﾘﾋﾒ,21518,,殺虫剤,ﾊﾓｸﾞﾘﾐﾄﾞﾘﾋﾒｺﾊﾞﾁ,「-（生）」,,,,,,,,
家庭園芸用ｵﾙﾄﾗﾝ水和剤,21519,,殺虫剤,ｱｾﾌｪｰﾄ,1B,,,,,,,,
家庭園芸用ｵﾙﾄﾗﾝ粒剤,21520,,殺虫剤,ｱｾﾌｪｰﾄ,1B,,,,,,,,
ﾘｸﾄｯﾌﾟ,21545,,殺虫剤,ﾀｲﾘｸﾋﾒﾊﾅｶﾒﾑｼ,「-（生）」,,,,,,,,
協友ﾀﾞﾝﾄﾂﾌﾛｱﾌﾞﾙ,21547,,殺虫剤,ｸﾛﾁｱﾆｼﾞﾝ,4A,,,,,,,,
ｱｰｸﾘﾝ水和剤,21580,,殺虫剤,ｴﾄﾌｪﾝﾌﾟﾛｯｸｽ,3A,,,,,,,,
三井東圧ｱｰｸﾘﾝ水和剤,21581,,殺虫剤,ｴﾄﾌｪﾝﾌﾟﾛｯｸｽ,3A,,,,,,,,
協友ﾀﾞﾝﾄﾂ箱粒剤,21594,,殺虫剤,ｸﾛﾁｱﾆｼﾞﾝ,4A,,,,,,,,
協友ﾀﾞﾝﾄﾂ粉剤DL,21595,,殺虫剤,ｸﾛﾁｱﾆｼﾞﾝ,4A,,,,,,,,
石原ﾂﾔﾊﾟﾗﾘ,21596,,殺虫剤,ｵﾝｼﾂﾂﾔｺﾊﾞﾁ,「-（生）」,,,,,,,,
ｴｺﾋﾟﾀ液剤,21597,,殺虫剤,還元澱粉糖化物,「-」,,,,,,,,
ｽﾀｰｸﾙｴｱｰ50,21607,,殺虫剤,ｼﾞﾉﾃﾌﾗﾝ,4A,,,,,,,,
ｽﾀｰｸﾙﾒｲﾄｴｱｰ50,21608,,殺虫剤,ｼﾞﾉﾃﾌﾗﾝ,4A,,,,,,,,
協友ﾍﾞｽﾄｶﾞｰﾄﾞ粒剤,21609,,殺虫剤,ﾆﾃﾝﾋﾟﾗﾑ,4A,,,,,,,,
協友ﾍﾞｽﾄｶﾞｰﾄﾞ水溶剤,21610,,殺虫剤,ﾆﾃﾝﾋﾟﾗﾑ,4A,,,,,,,,
ﾕｰﾋﾟｰｴﾙｴﾋﾟﾋｭｰﾑ,21612,,殺虫剤,ﾘﾝ化ｱﾙﾐﾆｳﾑ,24A,,,,,,,,
ﾕｰﾋﾟｰｴﾙｴﾋﾟﾋｭｰﾑ小球,21613,,殺虫剤,ﾘﾝ化ｱﾙﾐﾆｳﾑ,24A,,,,,,,,
石原ｲｻﾊﾟﾗﾘ,21625,,殺虫剤,ｲｻｴｱﾋﾒｺﾊﾞﾁ成虫,「-（生）」,,,,,,,,
協友ﾀﾞﾝﾄﾂH粉剤DL,21627,,殺虫剤,ｸﾛﾁｱﾆｼﾞﾝ,4A,,,,,,,,
ﾁｪｽ顆粒水和剤,21644,,殺虫剤,ﾋﾟﾒﾄﾛｼﾞﾝ,9B,,,,,,,,
協友ﾀﾞﾝﾄﾂ粒剤,21645,,殺虫剤,ｸﾛﾁｱﾆｼﾞﾝ,4A,,,,,,,,
協友ﾀﾞﾝﾄﾂ水溶剤,21646,,殺虫剤,ｸﾛﾁｱﾆｼﾞﾝ,4A,,,,,,,,
協友ｱﾃﾞｨｵﾝﾌﾛｱﾌﾞﾙ,21664,,殺虫剤,ﾍﾟﾙﾒﾄﾘﾝ,3A,,,,,,,,
協友ｱﾃﾞｨｵﾝ水和剤,21665,,殺虫剤,ﾍﾟﾙﾒﾄﾘﾝ,3A,,,,,,,,
ﾏｻﾞｯｸ乳剤,21683,,殺虫剤,ﾋﾟﾘﾀﾞﾘﾙ,UN,,,,,,,,
ﾎｸｺｰｷﾗｯﾌﾟﾌﾛｱﾌﾞﾙ,21684,,殺虫剤,ｴﾁﾌﾟﾛｰﾙ,2B,,,,,,,,
ｽﾊﾟｲﾃﾞｯｸｽ,21685,,殺虫剤,ﾁﾘｶﾌﾞﾘﾀﾞﾆ,「-（生）」,,,,,,,,
ﾎｸｺｰｷﾗｯﾌﾟ粉剤DL,21686,,殺虫剤,ｴﾁﾌﾟﾛｰﾙ,2B,,,,,,,,
ｻﾌﾞﾘﾅﾌﾛｱﾌﾞﾙ,21694,,殺虫剤,BT(生菌),11A,,,,,,,,
ｻﾝｹｲｻﾌﾞﾘﾅﾌﾛｱﾌﾞﾙ,21695,,殺虫剤,BT(生菌),11A,,,,,,,,
緑化用ｽﾐﾁｵﾝ乳剤,21704,,殺虫剤,MEP,1B,,,,,,,,
協友ｱﾃﾞｨｵﾝ乳剤,21707,,殺虫剤,ﾍﾟﾙﾒﾄﾘﾝ,3A,,,,,,,,
ｵﾙﾄﾗﾝDX粒剤,21733,,殺虫剤,ｱｾﾌｪｰﾄ,1B,ｸﾛﾁｱﾆｼﾞﾝ,4A,,,,,,
STｾﾞﾝﾀｰﾘ顆粒水和剤,21734,,殺虫剤,BT(生菌),11A,,,,,,,,
ｱｰﾘｰｾｰﾌ,21767,,殺虫剤,脂肪酸ｸﾞﾘｾﾘﾄﾞ(虫),「-」,,,,,,,,
家庭園芸用GFｵﾙﾄﾗﾝ粒剤,21789,,殺虫剤,ｱｾﾌｪｰﾄ,1B,,,,,,,,
GFｵﾙﾄﾗﾝ液剤,21790,,殺虫剤,ｱｾﾌｪｰﾄ,1B,,,,,,,,
GFｵﾙﾄﾗﾝｶﾌﾟｾﾙ,21791,,殺虫剤,ｱｾﾌｪｰﾄ,1B,,,,,,,,
協友ｻｲｱﾉｯｸｽ水和剤,21806,,殺虫剤,CYAP,1B,,,,,,,,
協友ｻｲｱﾉｯｸｽ乳剤,21807,,殺虫剤,CYAP,1B,,,,,,,,
GFｵﾙﾄﾗﾝS,21810,,殺虫剤,ｱｾﾌｪｰﾄ,1B,MEP,1B,,,,,,
ｳﾗﾗDF,21812,,殺虫剤,ﾌﾛﾆｶﾐﾄﾞ,29,,,,,,,,
ｳﾗﾗ50DF,21813,,殺虫剤,ﾌﾛﾆｶﾐﾄﾞ,29,,,,,,,,
家庭園芸用GFｵﾙﾄﾗﾝ水和剤,21819,,殺虫剤,ｱｾﾌｪｰﾄ,1B,,,,,,,,
STｱﾌﾟﾛｰﾄﾞﾊﾟﾀﾞﾝ粒剤,21822,,殺虫剤,ｶﾙﾀｯﾌﾟ,14,ﾌﾞﾌﾟﾛﾌｪｼﾞﾝ,16,,,,,,
ﾌﾟﾘﾝｽﾍﾞｲﾄ,21839,,殺虫剤,ﾌｨﾌﾟﾛﾆﾙ,2B,,,,,,,,
ｱﾌｧｰﾑｴｸｾﾗ顆粒水和剤,21853,,殺虫剤,ｴﾏﾒｸﾁﾝ安息香酸塩,6,ﾙﾌｪﾇﾛﾝ,15,,,,,,
協友ﾊﾟﾀﾞﾝ粒剤4,21865,,殺虫剤,ｶﾙﾀｯﾌﾟ,14,,,,,,,,
協友ﾊﾟﾀﾞﾝSG水溶剤,21866,,殺虫剤,ｶﾙﾀｯﾌﾟ,14,,,,,,,,
ｱｸﾀﾗAL,21869,,殺虫剤,ﾁｱﾒﾄｷｻﾑ,4A,,,,,,,,
協友ｽﾐﾁｵﾝ粉剤3DL,21877,,殺虫剤,MEP,1B,,,,,,,,
TDｴｰｽ粒剤,21880,,殺虫剤,ｲｿｷｻﾁｵﾝ,1B,,,,,,,,
協友ﾏﾗｿﾝ乳剤50,21901,,殺虫剤,ﾏﾗｿﾝ,1B,,,,,,,,
ｽﾐﾌｪｰﾄ水溶剤,21903,,殺虫剤,ｱｾﾌｪｰﾄ,1B,,,,,,,,
ｽﾐﾌｪｰﾄ粒剤,21904,,殺虫剤,ｱｾﾌｪｰﾄ,1B,,,,,,,,
ﾊﾞｲｵﾘｻ･ﾏﾀﾞﾗ,21905,,殺虫剤,ﾎﾞｰﾍﾞﾘｱ ﾊﾞｼｱｰﾅF-263,UNF,,,,,,,,
ﾎﾞｰﾍﾞﾘｱﾝ,21906,,殺虫剤,ﾎﾞｰﾍﾞﾘｱ ﾊﾞｼｱｰﾅF-263,UNF,,,,,,,,
あめんこ,21908,,殺虫剤,還元澱粉糖化物,「-」,,,,,,,,
ﾌｪﾆｯｸｽ顆粒水和剤,21916,,殺虫剤,ﾌﾙﾍﾞﾝｼﾞｱﾐﾄﾞ,28,,,,,,,,
日曹ﾌｪﾆｯｸｽ顆粒水和剤,21917,,殺虫剤,ﾌﾙﾍﾞﾝｼﾞｱﾐﾄﾞ,28,,,,,,,,
協友ﾊﾟｰﾏﾁｵﾝ水和剤,21927,,殺虫剤,ﾌｪﾝﾊﾞﾚﾚｰﾄ,3A,MEP,1B,,,,,,
ﾌｪﾗﾓｰﾙ,21928,,殺虫剤,燐酸第二鉄,「-」,,,,,,,,
ｽﾗｺﾞ,21929,,殺虫剤,燐酸第二鉄,「-」,,,,,,,,
協友ﾊｸｻｯﾌﾟ水和剤,21935,,殺虫剤,ﾌｪﾝﾊﾞﾚﾚｰﾄ,3A,ﾏﾗｿﾝ,1B,,,,,,
ﾋﾞｰﾄﾙｺｯﾌﾟ顆粒水和剤,21937,,殺虫剤,ﾁｱﾒﾄｷｻﾑ,4A,,,,,,,,
家庭園芸用ｽﾐﾁｵﾝ乳剤,21939,,殺虫剤,MEP,1B,,,,,,,,
家庭園芸用ﾏﾗｿﾝ乳剤,21940,,殺虫剤,ﾏﾗｿﾝ,1B,,,,,,,,
ｴｺﾏｽﾀｰBT,21944,,殺虫剤,BT(生菌),11A,,,,,,,,
ﾏｲﾋｭｰﾑ,21946,,殺虫剤,ﾖｳ化ﾒﾁﾙ,「-」,,,,,,,,
ﾔｼﾏﾏｲﾋｭｰﾑ,21947,,殺虫剤,ﾖｳ化ﾒﾁﾙ,「-」,,,,,,,,
協友ｽﾐﾁｵﾝ乳剤,21949,,殺虫剤,MEP,1B,,,,,,,,
協友ｽﾐﾁｵﾝ乳剤70,21950,,殺虫剤,MEP,1B,,,,,,,,
ｶﾞｰﾃﾞﾝﾄｯﾌﾟ,21958,,殺虫剤,ﾋﾟﾚﾄﾘﾝ,3A,,,,,,,,
ｶﾀﾞﾝｽﾌﾟﾚｰEX,21961,,殺虫剤,ﾁｱﾒﾄｷｻﾑ,4A,,,,,,,,
ﾀﾞﾆ太郎,21968,,殺虫剤,ﾋﾞﾌｪﾅｾﾞｰﾄ,20D,,,,,,,,
石原ｺﾚﾊﾟﾗﾘ,21969,,殺虫剤,ｺﾚﾏﾝｱﾌﾞﾗﾊﾞﾁ,「-（生）」,,,,,,,,
ﾈﾏﾊﾞｽﾀｰ,21971,,殺虫剤,ﾎｽﾁｱｾﾞｰﾄ,1B,,,,,,,,
ﾄﾚﾎﾞﾝｽﾀｰ粉剤DL,21975,,殺虫剤,ｴﾄﾌｪﾝﾌﾟﾛｯｸｽ,3A,ｼﾞﾉﾃﾌﾗﾝ,4A,,,,,,
ﾍﾞﾐﾊﾟｰﾙ,21979,,殺虫剤,ﾁﾁｭｳｶｲﾂﾔｺﾊﾞﾁ,「-（生）」,,,,,,,,
ﾅﾒｸｼﾞｷﾗｰFｴｰｽ,22000,,殺虫剤,燐酸第二鉄,「-」,,,,,,,,
ﾅﾒﾄｰﾙ,22001,,殺虫剤,燐酸第二鉄,「-」,,,,,,,,
ｸﾞﾘﾝｶﾞｰﾄﾞ･NEO,22028,,殺虫剤,酒石酸ﾓﾗﾝﾃﾙ,「-」,,,,,,,,
旭D-D,22029,,殺虫剤,D-D,8A,,,,,,,,
D-D,22030,,殺虫剤,D-D,8A,,,,,,,,
DC油剤,22031,,殺虫剤,D-D,8A,,,,,,,,
ﾃﾛﾝ,22032,,殺虫剤,D-D,8A,,,,,,,,
ﾀﾞﾆｻﾗﾊﾞﾌﾛｱﾌﾞﾙ,22034,,殺虫剤,ｼﾌﾙﾒﾄﾌｪﾝ,25A,,,,,,,,
協友ﾀﾞﾆｻﾗﾊﾞﾌﾛｱﾌﾞﾙ,22035,,殺虫剤,ｼﾌﾙﾒﾄﾌｪﾝ,25A,,,,,,,,
ﾄﾚﾎﾞﾝｽﾀｰﾌﾛｱﾌﾞﾙ,22037,,殺虫剤,ｴﾄﾌｪﾝﾌﾟﾛｯｸｽ,3A,ｼﾞﾉﾃﾌﾗﾝ,4A,,,,,,
日農ｾﾙｵｰﾌﾛｱﾌﾞﾙ,22043,,殺虫剤,ｲﾐﾀﾞｸﾛﾌﾟﾘﾄﾞ,4A,ﾌﾙﾍﾞﾝｼﾞｱﾐﾄﾞ,28,,,,,,
HJﾌﾞﾙｰｽｶｲ粒剤,22047,,殺虫剤,ｲﾐﾀﾞｸﾛﾌﾟﾘﾄﾞ,4A,,,,,,,,
ｱﾄﾗｯｸ液剤,22050,,殺虫剤,ﾁｱﾒﾄｷｻﾑ,4A,,,,,,,,
井筒屋ｱﾄﾗｯｸ液剤,22051,,殺虫剤,ﾁｱﾒﾄｷｻﾑ,4A,,,,,,,,
ｷﾗｯﾌﾟ粒剤,22079,,殺虫剤,ｴﾁﾌﾟﾛｰﾙ,2B,,,,,,,,
ﾌﾟﾙｰﾄMC,22092,,殺虫剤,ﾋﾟﾘﾌﾟﾛｷｼﾌｪﾝ,7C,,,,,,,,
ｸﾘｱｻﾞｰﾙﾌﾛｱﾌﾞﾙ,22093,,殺虫剤,ｽﾋﾟﾛﾒｼﾌｪﾝ,23,,,,,,,,
ﾀﾞﾆｹﾞｯﾀｰﾌﾛｱﾌﾞﾙ,22094,,殺虫剤,ｽﾋﾟﾛﾒｼﾌｪﾝ,23,,,,,,,,
ﾀﾞﾝﾄﾂEXﾌﾛｱﾌﾞﾙ,22101,,殺虫剤,ｸﾛﾁｱﾆｼﾞﾝ,4A,,,,,,,,
ｶﾞｰﾄﾞﾎｰﾌﾟ液剤,22114,,殺虫剤,ﾎｽﾁｱｾﾞｰﾄ,1B,,,,,,,,
ﾜﾝﾘｰﾄﾞ箱粒剤08,22122,,殺虫剤,ｸﾛﾁｱﾆｼﾞﾝ,4A,,,,,,,,
ﾜｰｸﾜｲﾄﾞ顆粒水和剤,22125,,殺虫剤,ｲﾐﾀﾞｸﾛﾌﾟﾘﾄﾞ,4A,ｽﾋﾟﾉｻﾄﾞ,5,,,,,,
ﾌｧﾙｺﾝｴｰｽﾌﾛｱﾌﾞﾙ,22126,,殺虫剤,ｽﾋﾟﾉｻﾄﾞ,5,ﾒﾄｷｼﾌｪﾉｼﾞﾄﾞ,18,,,,,,
わさび用ﾍﾞｽﾄｶﾞｰﾄﾞ水溶剤,22128,,殺虫剤,ﾆﾃﾝﾋﾟﾗﾑ,4A,,,,,,,,
わさび用緑風SG,22130,,殺虫剤,ｼﾞﾉﾃﾌﾗﾝ,4A,,,,,,,,
ｱﾄﾞﾏｲﾔｰCR箱粒剤,22132,,殺虫剤,ｲﾐﾀﾞｸﾛﾌﾟﾘﾄﾞ,4A,,,,,,,,
ｽｸﾐﾉﾝ,22153,,殺虫剤,ﾒﾀｱﾙﾃﾞﾋﾄﾞ,「-」,,,,,,,,
ｽｸﾐﾉﾝ5,22154,,殺虫剤,ﾒﾀｱﾙﾃﾞﾋﾄﾞ,「-」,,,,,,,,
ﾍﾞﾆｶﾏｲﾙﾄﾞｽﾌﾟﾚｰ,22160,,殺虫剤,還元澱粉糖化物,「-」,,,,,,,,
ｿｲﾘｰﾝ,22162,,殺虫剤,ｸﾛﾙﾋﾟｸﾘﾝ,8B,D-D,8A,,,,,,
三井ｿｲﾘｰﾝ,22163,,殺虫剤,ｸﾛﾙﾋﾟｸﾘﾝ,8B,D-D,8A,,,,,,
住友化学ｺﾞｯﾂA,22171,,殺虫剤,ﾍﾟｷﾛﾏｲｾｽ ﾃﾇｲﾍﾟｽ,「-（生）」,,,,,,,,
ｺﾞｯﾂA,22172,,殺虫剤,ﾍﾟｷﾛﾏｲｾｽ ﾃﾇｲﾍﾟｽ,「-（生）」,,,,,,,,
ｸﾐｱｲﾜﾝﾘｰﾄﾞ箱粒剤08,22174,,殺虫剤,ｸﾛﾁｱﾆｼﾞﾝ,4A,,,,,,,,
ﾄﾘｶﾞｰﾄﾞ液剤,22178,,殺虫剤,ｼﾛﾏｼﾞﾝ,17,,,,,,,,
ｽﾊﾟｲｶﾙEX,22232,,殺虫剤,ﾐﾔｺｶﾌﾞﾘﾀﾞﾆ,「-（生）」,,,,,,,,
ｽﾈｯｸ粒剤,22259,,殺虫剤,ﾒﾀｱﾙﾃﾞﾋﾄﾞ,「-」,,,,,,,,
ｽﾃｨﾝｶﾞｰﾌﾛｱﾌﾞﾙ,22269,,殺虫剤,ﾌﾙﾍﾞﾝｼﾞｱﾐﾄﾞ,28,,,,,,,,
ｲｶｽﾞﾁWDG,22285,,殺虫剤,ｼﾍﾟﾙﾒﾄﾘﾝ,3A,,,,,,,,
ｽﾜﾙｽｷｰ,22304,,殺虫剤,ｽﾜﾙｽｷｰｶﾌﾞﾘﾀﾞﾆ,「-（生）」,,,,,,,,
ｽﾀｰﾏｲﾄﾌﾛｱﾌﾞﾙ,22305,,殺虫剤,ｼｴﾉﾋﾟﾗﾌｪﾝ,25A,,,,,,,,
ｳﾗﾗ粒剤,22307,,殺虫剤,ﾌﾛﾆｶﾐﾄﾞ,29,,,,,,,,
野菜ひろばN,22327,,殺虫剤,ﾍﾟﾙﾒﾄﾘﾝ,3A,,,,,,,,
ｽﾀｰｸﾙ豆つぶ,22332,,殺虫剤,ｼﾞﾉﾃﾌﾗﾝ,4A,,,,,,,,
ｸﾐｱｲｽﾀｰｸﾙ豆つぶ,22333,,殺虫剤,ｼﾞﾉﾃﾌﾗﾝ,4A,,,,,,,,
ﾌｪﾆｯｸｽｼﾞｪｯﾄ,22364,,殺虫剤,ﾌﾙﾍﾞﾝｼﾞｱﾐﾄﾞ,28,,,,,,,,
日農ﾌｪﾆｯｸｽｼﾞｪｯﾄ,22365,,殺虫剤,ﾌﾙﾍﾞﾝｼﾞｱﾐﾄﾞ,28,,,,,,,,
新富士ﾌｪﾆｯｸｽｼﾞｪｯﾄ,22366,,殺虫剤,ﾌﾙﾍﾞﾝｼﾞｱﾐﾄﾞ,28,,,,,,,,
ﾓﾘｴｰﾄﾏｲｸﾛｶﾌﾟｾﾙ,22391,,殺虫剤,ｸﾛﾁｱﾆｼﾞﾝ,4A,,,,,,,,
ﾔｼﾏﾓﾘｴｰﾄﾏｲｸﾛｶﾌﾟｾﾙ,22392,,殺虫剤,ｸﾛﾁｱﾆｼﾞﾝ,4A,,,,,,,,
ﾍﾞﾆｶﾏｲﾙﾄﾞ液剤,22419,,殺虫剤,還元澱粉糖化物,「-」,,,,,,,,
MICｱﾃﾞｨｵﾝ乳剤,22431,,殺虫剤,ﾍﾟﾙﾒﾄﾘﾝ,3A,,,,,,,,
ｱｸｾﾙﾌﾛｱﾌﾞﾙ,22461,,殺虫剤,ﾒﾀﾌﾙﾐｿﾞﾝ,22B,,,,,,,,
くり専用ﾖｰｶﾋｭｰﾑ,22463,,殺虫剤,ﾖｳ化ﾒﾁﾙ,「-」,,,,,,,,
ﾌﾟﾚﾊﾞｿﾝﾌﾛｱﾌﾞﾙ5,22464,,殺虫剤,ｸﾛﾗﾝﾄﾗﾆﾘﾌﾟﾛｰﾙ,28,,,,,,,,
ﾎｸｺｰﾌﾟﾚﾊﾞｿﾝﾌﾛｱﾌﾞﾙ5,22465,,殺虫剤,ｸﾛﾗﾝﾄﾗﾆﾘﾌﾟﾛｰﾙ,28,,,,,,,,
丸和ﾌﾟﾚﾊﾞｿﾝﾌﾛｱﾌﾞﾙ5,22466,,殺虫剤,ｸﾛﾗﾝﾄﾗﾆﾘﾌﾟﾛｰﾙ,28,,,,,,,,
日産ﾌﾟﾚﾊﾞｿﾝﾌﾛｱﾌﾞﾙ5,22468,,殺虫剤,ｸﾛﾗﾝﾄﾗﾆﾘﾌﾟﾛｰﾙ,28,,,,,,,,
ｻﾑｺﾙﾌﾛｱﾌﾞﾙ10,22469,,殺虫剤,ｸﾛﾗﾝﾄﾗﾆﾘﾌﾟﾛｰﾙ,28,,,,,,,,
ﾎｸｺｰｻﾑｺﾙﾌﾛｱﾌﾞﾙ10,22470,,殺虫剤,ｸﾛﾗﾝﾄﾗﾆﾘﾌﾟﾛｰﾙ,28,,,,,,,,
丸和ｻﾑｺﾙﾌﾛｱﾌﾞﾙ10,22471,,殺虫剤,ｸﾛﾗﾝﾄﾗﾆﾘﾌﾟﾛｰﾙ,28,,,,,,,,
兼商ｻﾑｺﾙﾌﾛｱﾌﾞﾙ10,22472,,殺虫剤,ｸﾛﾗﾝﾄﾗﾆﾘﾌﾟﾛｰﾙ,28,,,,,,,,
MICｻﾑｺﾙﾌﾛｱﾌﾞﾙ10,22473,,殺虫剤,ｸﾛﾗﾝﾄﾗﾆﾘﾌﾟﾛｰﾙ,28,,,,,,,,
ﾌｪﾙﾃﾗ粒剤1,22474,,殺虫剤,ｸﾛﾗﾝﾄﾗﾆﾘﾌﾟﾛｰﾙ,28,,,,,,,,
ﾎｸｺｰﾌｪﾙﾃﾗ粒剤1,22475,,殺虫剤,ｸﾛﾗﾝﾄﾗﾆﾘﾌﾟﾛｰﾙ,28,,,,,,,,
ｶﾀﾞﾝｾｰﾌ原液,22476,,殺虫剤,ｿﾙﾋﾞﾀﾝ脂肪酸ｴｽﾃﾙ(殺虫),「-」,,,,,,,,
ﾑｼﾗｯﾌﾟ,22477,,殺虫剤,ｿﾙﾋﾞﾀﾝ脂肪酸ｴｽﾃﾙ(殺虫),「-」,,,,,,,,
ﾈｷﾘｴｰｽK,22485,,殺虫剤,ｲｿｷｻﾁｵﾝ,1B,,,,,,,,
ｽﾀｰｸﾙﾒｲﾄ豆つぶ,22495,,殺虫剤,ｼﾞﾉﾃﾌﾗﾝ,4A,,,,,,,,
ｽﾋﾟﾉｴｰｽﾍﾞｲﾄ,22496,,殺虫剤,ｽﾋﾟﾉｻﾄﾞ,5,,,,,,,,
ｻﾝｹｲｽﾋﾟﾉｴｰｽﾍﾞｲﾄ,22497,,殺虫剤,ｽﾋﾟﾉｻﾄﾞ,5,,,,,,,,
MICﾅﾒｸｼﾞ退治,22511,,殺虫剤,燐酸第二鉄,「-」,,,,,,,,
ﾁﾘｶ･ﾜｰｶｰ,22531,,殺虫剤,ﾁﾘｶﾌﾞﾘﾀﾞﾆ,「-（生）」,,,,,,,,
ﾁｬﾊﾞﾗ,22547,,殺虫剤,ﾁｬﾊﾞﾗｱﾌﾞﾗｺﾊﾞﾁ,「-（生）」,,,,,,,,
MICｴﾋﾞｾｸﾄ水和剤,22551,,殺虫剤,ﾁｵｼｸﾗﾑ,14,,,,,,,,
ﾈﾏｷｯｸ粒剤,22554,,殺虫剤,ｲﾐｼｱﾎｽ,1B,,,,,,,,
ｼﾞｭﾘﾎﾞﾌﾛｱﾌﾞﾙ,22555,,殺虫剤,ｸﾛﾗﾝﾄﾗﾆﾘﾌﾟﾛｰﾙ,28,ﾁｱﾒﾄｷｻﾑ,4A,,,,,,
ﾎｸｺｰﾌｪﾙﾃﾗ箱粒剤,22559,,殺虫剤,ｸﾛﾗﾝﾄﾗﾆﾘﾌﾟﾛｰﾙ,28,,,,,,,,
ﾌｪﾙﾃﾗ箱粒剤,22560,,殺虫剤,ｸﾛﾗﾝﾄﾗﾆﾘﾌﾟﾛｰﾙ,28,,,,,,,,
ｱｸｾﾙｷﾝｸﾞﾌﾛｱﾌﾞﾙ,22565,,殺虫剤,ﾄﾙﾌｪﾝﾋﾟﾗﾄﾞ,"21A(I*), 39(F*)",ﾒﾀﾌﾙﾐｿﾞﾝ,22B,,,,,,
ﾏｯｹﾝｼﾞｰ,22571,,殺虫剤,塩酸ﾚﾊﾞﾐｿﾞｰﾙ,「-」,,,,,,,,
ﾓｽﾋﾟﾗﾝ顆粒水溶剤,22583,,殺虫剤,ｱｾﾀﾐﾌﾟﾘﾄﾞ,4A,,,,,,,,
日農ﾓｽﾋﾟﾗﾝ顆粒水溶剤,22584,,殺虫剤,ｱｾﾀﾐﾌﾟﾘﾄﾞ,4A,,,,,,,,
ﾍﾞﾆｶ液剤,22593,,殺虫剤,ｸﾛﾁｱﾆｼﾞﾝ,4A,,,,,,,,
ﾗﾝﾈｰﾄ微粒剤F,22599,,殺虫剤,ﾒｿﾐﾙ,1A,,,,,,,,
ｱｰﾘｰｾｰﾌｽﾌﾟﾚｰ,22623,,殺虫剤,脂肪酸ｸﾞﾘｾﾘﾄﾞ(虫),「-」,,,,,,,,
日産ﾏﾗｿﾝ乳剤,22628,,殺虫剤,ﾏﾗｿﾝ,1B,,,,,,,,
ﾎｸｻﾝﾍﾞｼﾞﾎﾝ乳剤,22630,,殺虫剤,ｼﾞﾒﾄｴｰﾄ,1B,ﾌｪﾝﾊﾞﾚﾚｰﾄ,3A,,,,,,
ﾎｸｻﾝﾀﾞｲｱｼﾞﾉﾝ乳剤40,22633,,殺虫剤,ﾀﾞｲｱｼﾞﾉﾝ,1B,,,,,,,,
ﾎｸｻﾝﾀﾞｲｱｼﾞﾉﾝ粒剤5,22634,,殺虫剤,ﾀﾞｲｱｼﾞﾉﾝ,1B,,,,,,,,
ﾎｸｻﾝｱﾃﾞｨｵﾝ乳剤,22646,,殺虫剤,ﾍﾟﾙﾒﾄﾘﾝ,3A,,,,,,,,
ﾎｸｻﾝｽﾐﾁｵﾝ乳剤,22647,,殺虫剤,MEP,1B,,,,,,,,
ﾎｸｻﾝﾄﾚﾎﾞﾝ粉剤DL,22648,,殺虫剤,ｴﾄﾌｪﾝﾌﾟﾛｯｸｽ,3A,,,,,,,,
日曹ﾃﾙｽﾀｰｼﾞｪｯﾄ,22650,,殺虫剤,ﾋﾞﾌｪﾝﾄﾘﾝ,3A,,,,,,,,
FMCﾃﾙｽﾀｰｼﾞｪｯﾄ,22651,,殺虫剤,ﾋﾞﾌｪﾝﾄﾘﾝ,3A,,,,,,,,
新富士ﾃﾙｽﾀｰｼﾞｪｯﾄ,22652,,殺虫剤,ﾋﾞﾌｪﾝﾄﾘﾝ,3A,,,,,,,,
ﾁｭｰﾚｯｸｽ顆粒水和剤,22653,,殺虫剤,BT(生菌),11A,,,,,,,,
ｼﾞｬｯｸﾎﾟｯﾄ顆粒水和剤,22654,,殺虫剤,BT(生菌),11A,,,,,,,,
ｸﾐｱｲｱﾌﾟﾛｰﾄﾞｽﾀｰｸﾙｿﾞﾙ,22661,,殺虫剤,ｼﾞﾉﾃﾌﾗﾝ,4A,ﾌﾞﾌﾟﾛﾌｪｼﾞﾝ,16,,,,,,
ｱﾌﾟﾛｰﾄﾞｽﾀｰｸﾙｿﾞﾙ,22662,,殺虫剤,ｼﾞﾉﾃﾌﾗﾝ,4A,ﾌﾞﾌﾟﾛﾌｪｼﾞﾝ,16,,,,,,
ﾎｸｻﾝｻｲｱﾉｯｸｽ乳剤,22667,,殺虫剤,CYAP,1B,,,,,,,,
ﾍﾞﾆｶｹﾑｼｴｱｿﾞｰﾙ,22672,,殺虫剤,ｸﾛﾁｱﾆｼﾞﾝ,4A,ﾌｪﾝﾌﾟﾛﾊﾟﾄﾘﾝ,3A,,,,,,
ｸﾞﾘｰﾝｶﾙﾎｽ乳剤,22683,,殺虫剤,ｲｿｷｻﾁｵﾝ,1B,,,,,,,,
ﾎｸｻﾝﾃﾞﾅﾎﾟﾝ水和剤50,22689,,殺虫剤,NAC,1A,,,,,,,,
ｱﾆｷ乳剤,22696,,殺虫剤,ﾚﾋﾟﾒｸﾁﾝ,6,,,,,,,,
ｱﾆｷﾌﾛｱﾌﾞﾙ,22697,,殺虫剤,ﾚﾋﾟﾒｸﾁﾝ,6,,,,,,,,
ｷｯｸｵﾌ顆粒水和剤,22725,,殺虫剤,ｸﾛﾗﾝﾄﾗﾆﾘﾌﾟﾛｰﾙ,28,ｼﾞﾉﾃﾌﾗﾝ,4A,,,,,,
ﾎｸｻﾝｼﾞﾒﾄｴｰﾄ粒剤,22733,,殺虫剤,ｼﾞﾒﾄｴｰﾄ,1B,,,,,,,,
ｽﾀｰｶﾞｰﾄﾞ粒剤,22738,,殺虫剤,ｼﾞﾉﾃﾌﾗﾝ,4A,,,,,,,,
ﾂﾔﾄｯﾌﾟ25,22757,,殺虫剤,ｵﾝｼﾂﾂﾔｺﾊﾞﾁ,「-（生）」,,,,,,,,
BASFﾌﾟﾘﾝｽ粒剤,22760,,殺虫剤,ﾌｨﾌﾟﾛﾆﾙ,2B,,,,,,,,
ﾄﾙﾈｰﾄﾞｴｰｽDF,22766,,殺虫剤,ｲﾝﾄﾞｷｻｶﾙﾌﾞ,22A,,,,,,,,
MICﾄﾙﾈｰﾄﾞｴｰｽDF,22767,,殺虫剤,ｲﾝﾄﾞｷｻｶﾙﾌﾞ,22A,,,,,,,,
ｸﾐｱｲﾄﾙﾈｰﾄﾞｴｰｽDF,22768,,殺虫剤,ｲﾝﾄﾞｷｻｶﾙﾌﾞ,22A,,,,,,,,
丸和ﾄﾙﾈｰﾄﾞｴｰｽDF,22769,,殺虫剤,ｲﾝﾄﾞｷｻｶﾙﾌﾞ,22A,,,,,,,,
ｵﾝｺﾙOK粒剤,22787,,殺虫剤,ﾍﾞﾝﾌﾗｶﾙﾌﾞ,1A,,,,,,,,
ｺﾙﾄ顆粒水和剤,22797,,殺虫剤,ﾋﾟﾘﾌﾙｷﾅｿﾞﾝ,9B,,,,,,,,
ｸﾐｱｲｺﾙﾄ顆粒水和剤,22798,,殺虫剤,ﾋﾟﾘﾌﾙｷﾅｿﾞﾝ,9B,,,,,,,,
ｻﾌｵｲﾙ乳剤,22801,,殺虫剤,調合油,「-」,,,,,,,,
ｸﾘｱｵｰﾙ水和剤,22817,,殺虫剤,ｱｸﾘﾅﾄﾘﾝ,3A,ｽﾋﾟﾛﾒｼﾌｪﾝ,23,,,,,,
ﾎｸｺｰﾌｪﾙﾃﾗﾁｪｽ箱粒剤,22821,,殺虫剤,ｸﾛﾗﾝﾄﾗﾆﾘﾌﾟﾛｰﾙ,28,ﾋﾟﾒﾄﾛｼﾞﾝ,9B,,,,,,
ｼﾝｼﾞｪﾝﾀ ﾌｪﾙﾃﾗﾁｪｽ箱粒剤,22822,,殺虫剤,ｸﾛﾗﾝﾄﾗﾆﾘﾌﾟﾛｰﾙ,28,ﾋﾟﾒﾄﾛｼﾞﾝ,9B,,,,,,
ﾎﾞﾘｱﾑｶﾞﾝﾀﾞﾑ顆粒水和剤,22827,,殺虫剤,ｴﾏﾒｸﾁﾝ安息香酸塩,6,ｸﾛﾗﾝﾄﾗﾆﾘﾌﾟﾛｰﾙ,28,,,,,,
ﾌｪﾆｯｸｽﾌﾛｱﾌﾞﾙ,22853,,殺虫剤,ﾌﾙﾍﾞﾝｼﾞｱﾐﾄﾞ,28,,,,,,,,
日曹ﾌｪﾆｯｸｽﾌﾛｱﾌﾞﾙ,22854,,殺虫剤,ﾌﾙﾍﾞﾝｼﾞｱﾐﾄﾞ,28,,,,,,,,
ﾍﾟｶﾞｻｽﾌﾛｱﾌﾞﾙ,22855,,殺虫剤,ﾌﾙﾍﾞﾝｼﾞｱﾐﾄﾞ,28,,,,,,,,
ｸﾞﾚﾓSC,22864,,殺虫剤,ﾒﾄｷｼﾌｪﾉｼﾞﾄﾞ,18,,,,,,,,
ﾘｰﾌｶﾞｰﾄﾞ顆粒水和剤,22870,,殺虫剤,ﾁｵｼｸﾗﾑ,14,,,,,,,,
ｶﾞｰﾄﾞﾅｰﾌﾛｱﾌﾞﾙ,22871,,殺虫剤,ｲﾐﾀﾞｸﾛﾌﾟﾘﾄﾞ,4A,ｽﾋﾟﾉｻﾄﾞ,5,,,,,,
ｱｸｾﾙﾍﾞｲﾄ,22875,,殺虫剤,ﾒﾀﾌﾙﾐｿﾞﾝ,22B,,,,,,,,
ﾍﾞﾆｶﾏﾂｹｱ,22876,,殺虫剤,ｸﾛﾁｱﾆｼﾞﾝ,4A,,,,,,,,
ﾐﾔｺﾄｯﾌﾟ,22894,,殺虫剤,ﾐﾔｺｶﾌﾞﾘﾀﾞﾆ,「-（生）」,,,,,,,,
ﾃﾞｨｱﾅWDG,22909,,殺虫剤,ｽﾋﾟﾈﾄﾗﾑ,5,,,,,,,,
ﾃﾞｨｱﾅSC,22910,,殺虫剤,ｽﾋﾟﾈﾄﾗﾑ,5,,,,,,,,
ﾃﾞｨｱﾅ箱粒剤,22911,,殺虫剤,ｽﾋﾟﾈﾄﾗﾑ,5,,,,,,,,
ｲﾓｿﾞｳﾍﾞｲﾄ,22932,,殺虫剤,MEP,1B,,,,,,,,
ﾆﾜｴｰｽ粒剤,22936,,殺虫剤,ﾎｽﾁｱｾﾞｰﾄ,1B,,,,,,,,
ｳﾗﾗくん煙剤,22949,,殺虫剤,ﾌﾛﾆｶﾐﾄﾞ,29,,,,,,,,
新富士ｳﾗﾗくん煙剤,22950,,殺虫剤,ﾌﾛﾆｶﾐﾄﾞ,29,,,,,,,,
ｶﾞｰﾃﾞﾝｱｼｽﾄﾊﾟｰﾑｽﾌﾟﾚｰ,22957,,殺虫剤,脂肪酸ｸﾞﾘｾﾘﾄﾞ(虫),「-」,,,,,,,,
ﾆｯｶｸﾛｰﾙﾋﾟｸﾘﾝ,22960,,殺虫剤,ｸﾛﾙﾋﾟｸﾘﾝ,8B,,,,,,,,
ﾆｯｶﾄﾞｼﾞｮｳﾋﾟｸﾘﾝ,22961,,殺虫剤,ｸﾛﾙﾋﾟｸﾘﾝ,8B,,,,,,,,
ｽﾋﾟﾈｱﾀｯｸ,22983,,殺虫剤,ｽﾋﾟﾈﾄﾗﾑ,5,,,,,,,,
ｱﾌﾟﾛｰﾄﾞｿﾞﾙ,22985,,殺虫剤,ﾌﾞﾌﾟﾛﾌｪｼﾞﾝ,16,,,,,,,,
家庭園芸用ﾊﾞｼﾚｯｸｽ水和剤,22986,,殺虫剤,BT(生菌),11A,,,,,,,,
ｽﾜﾙｽｷｰﾌﾟﾗｽ,23005,,殺虫剤,ｽﾜﾙｽｷｰｶﾌﾞﾘﾀﾞﾆ,「-（生）」,,,,,,,,
ﾌﾟﾚﾊﾞｿﾝ粒剤,23007,,殺虫剤,ｸﾛﾗﾝﾄﾗﾆﾘﾌﾟﾛｰﾙ,28,,,,,,,,
ﾀﾌｽﾃｨﾝｶﾞｰﾌﾛｱﾌﾞﾙ,23016,,殺虫剤,ｲﾐﾀﾞｸﾛﾌﾟﾘﾄﾞ,4A,ﾌﾙﾍﾞﾝｼﾞｱﾐﾄﾞ,28,,,,,,
ﾀﾌﾊﾞﾘｱDXﾌﾛｱﾌﾞﾙ,23017,,殺虫剤,ｲﾐﾀﾞｸﾛﾌﾟﾘﾄﾞ,4A,ﾌﾙﾍﾞﾝｼﾞｱﾐﾄﾞ,28,,,,,,
ｵｰﾍﾞｽﾄ箱粒剤,23031,,殺虫剤,ｸﾛﾗﾝﾄﾗﾆﾘﾌﾟﾛｰﾙ,28,ﾍﾞﾝﾌﾗｶﾙﾌﾞ,1A,,,,,,
ｽﾊﾟｲｶﾙﾌﾟﾗｽ,23036,,殺虫剤,ﾐﾔｺｶﾌﾞﾘﾀﾞﾆ,「-（生）」,,,,,,,,
ｼﾞｬﾝﾎﾞﾀﾆｼ退治粒剤,23037,,殺虫剤,ﾒﾀｱﾙﾃﾞﾋﾄﾞ,「-」,,,,,,,,
ﾎﾞﾀﾆｶﾞｰﾄﾞ水和剤,23069,,殺虫剤,ﾎﾞｰﾍﾞﾘｱ ﾊﾞｼｱｰﾅGHA,UNF,,,,,,,,
ｱﾄﾗｸﾄﾝ箱粒剤,23074,,殺虫剤,ｼﾞﾉﾃﾌﾗﾝ,4A,,,,,,,,
ｽﾀｰﾀﾞﾑ箱粒剤,23075,,殺虫剤,ｼﾞﾉﾃﾌﾗﾝ,4A,,,,,,,,
ﾅｲｽｲｰｸﾞﾙSC,23080,,殺虫剤,ｸﾛﾙﾌﾙｱｽﾞﾛﾝ,15,,,,,,,,
ｷﾗｯﾌﾟ微粒剤F,23087,,殺虫剤,ｴﾁﾌﾟﾛｰﾙ,2B,,,,,,,,
ﾊﾟｲﾍﾞﾆｶVｽﾌﾟﾚｰ,23109,,殺虫剤,ﾋﾟﾚﾄﾘﾝ,3A,,,,,,,,
ﾍﾞﾆｶS乳剤,23112,,殺虫剤,ﾍﾟﾙﾒﾄﾘﾝ,3A,,,,,,,,
ﾍﾞﾆｶﾍﾞｼﾞﾌﾙｽﾌﾟﾚｰ,23121,,殺虫剤,ｸﾛﾁｱﾆｼﾞﾝ,4A,,,,,,,,
ﾍﾞﾆｶJｽﾌﾟﾚｰ,23130,,殺虫剤,ｸﾛﾁｱﾆｼﾞﾝ,4A,ﾌｪﾝﾌﾟﾛﾊﾟﾄﾘﾝ,3A,,,,,,
ﾘﾗｰｸDF,23135,,殺虫剤,ﾁｵｼﾞｶﾙﾌﾞ,1A,,,,,,,,
ｸﾙｰｻﾞｰ48,23161,,殺虫剤,ﾁｱﾒﾄｷｻﾑ,4A,,,,,,,,
ｽｸﾐﾊﾝﾀｰ,23162,,殺虫剤,ﾁｵｼｸﾗﾑ,14,,,,,,,,
ISKｱﾄﾞﾊﾞﾝﾃｰｼﾞS粒剤,23181,,殺虫剤,ｶﾙﾎﾞｽﾙﾌｧﾝ,1A,,,,,,,,
ｳﾗﾗﾌﾛｱﾌﾞﾙ,23182,,殺虫剤,ﾌﾛﾆｶﾐﾄﾞ,29,,,,,,,,
ﾓﾍﾞﾝﾄﾌﾛｱﾌﾞﾙ,23187,,殺虫剤,ｽﾋﾟﾛﾃﾄﾗﾏﾄ,23,,,,,,,,
ﾜﾝﾘｰﾄﾞSP箱粒剤,23196,,殺虫剤,ｸﾛﾁｱﾆｼﾞﾝ,4A,ｽﾋﾟﾈﾄﾗﾑ,5,,,,,,
ｶﾞｰﾃﾞﾝｱｼｽﾄVｽﾌﾟﾚｰ,23197,,殺虫剤,ｸﾛﾁｱﾆｼﾞﾝ,4A,,,,,,,,
ｱｰｽｶﾞｰﾃﾞﾝT,23198,,殺虫剤,ｴﾄﾌｪﾝﾌﾟﾛｯｸｽ,3A,,,,,,,,
ｴｲﾋﾞｯﾄﾞ,23227,,殺虫剤,ｱﾊﾞﾒｸﾁﾝ,6,,,,,,,,
ｱﾌﾟﾛｰﾄﾞ粒剤,23233,,殺虫剤,ﾌﾞﾌﾟﾛﾌｪｼﾞﾝ,16,,,,,,,,
ｱｸﾞﾘﾒｯｸ,23235,,殺虫剤,ｱﾊﾞﾒｸﾁﾝ,6,,,,,,,,
風神X,23254,,殺虫剤,ｲﾝﾄﾞｷｻｶﾙﾌﾞ,22A,,,,,,,,
ｱｰﾃﾞﾝﾄﾌﾛｱﾌﾞﾙ,23266,,殺虫剤,ｱｸﾘﾅﾄﾘﾝ,3A,,,,,,,,
日農ｱｰﾃﾞﾝﾄﾌﾛｱﾌﾞﾙ,23267,,殺虫剤,ｱｸﾘﾅﾄﾘﾝ,3A,,,,,,,,
協友ｽﾐﾁｵﾝﾄﾚﾎﾞﾝ粉剤DL,23268,,殺虫剤,ｴﾄﾌｪﾝﾌﾟﾛｯｸｽ,3A,MEP,1B,,,,,,
協友ｽﾐﾁｵﾝﾄﾚﾎﾞﾝ乳剤,23272,,殺虫剤,ｴﾄﾌｪﾝﾌﾟﾛｯｸｽ,3A,MEP,1B,,,,,,
ﾈﾏｷｯｸ液剤,23275,,殺虫剤,ｲﾐｼｱﾎｽ,1B,,,,,,,,
ｶｳﾝﾀｰﾌﾛｱﾌﾞﾙ,23305,,殺虫剤,ﾉﾊﾞﾙﾛﾝ,15,,,,,,,,
SDSｶｳﾝﾀｰﾌﾛｱﾌﾞﾙ,23306,,殺虫剤,ﾉﾊﾞﾙﾛﾝ,15,,,,,,,,
大塚ｶｳﾝﾀｰﾌﾛｱﾌﾞﾙ,23307,,殺虫剤,ﾉﾊﾞﾙﾛﾝ,15,,,,,,,,
ﾃﾙｽﾀｰ2SC,23316,,殺虫剤,ﾋﾞﾌｪﾝﾄﾘﾝ,3A,,,,,,,,
ﾊﾟﾝﾁｼｮｯﾄﾌﾛｱﾌﾞﾙ,23323,,殺虫剤,ﾋﾞﾌｪﾝﾄﾘﾝ,3A,,,,,,,,
ｼﾊﾞﾏﾙ,23328,,殺虫剤,ﾋﾟﾘﾀﾞﾘﾙ,UN,,,,,,,,
ｻﾆｰﾌｨｰﾙﾄﾞMC,23330,,殺虫剤,ｴﾄﾌｪﾝﾌﾟﾛｯｸｽ,3A,,,,,,,,
ﾀﾞﾆﾀﾞｳﾝ水和剤,23344,,殺虫剤,ﾐﾙﾍﾞﾒｸﾁﾝ,6,,,,,,,,
ｷｲﾄｯﾌﾟ,23348,,殺虫剤,ｷｲｶﾌﾞﾘﾀﾞﾆ,「-（生）」,,,,,,,,
ﾃﾝﾄｯﾌﾟ,23357,,殺虫剤,ﾅﾐﾃﾝﾄｳ2齢幼虫,「-（生）」,,,,,,,,
ﾌｪﾙﾃﾗｽﾀｰｸﾙ箱粒剤CU,23365,,殺虫剤,ｸﾛﾗﾝﾄﾗﾆﾘﾌﾟﾛｰﾙ,28,ｼﾞﾉﾃﾌﾗﾝ,4A,,,,,,
ｽｹﾙｶｯﾄ顆粒水和剤,23370,,殺虫剤,ｼﾞﾉﾃﾌﾗﾝ,4A,,,,,,,,
ｽｹﾙﾉｯｸ顆粒水和剤,23371,,殺虫剤,ｼﾞﾉﾃﾌﾗﾝ,4A,,,,,,,,
ﾌﾟﾘﾝｽｽﾋﾟﾉ粒剤6,23382,,殺虫剤,ｽﾋﾟﾉｻﾄﾞ,5,ﾌｨﾌﾟﾛﾆﾙ,2B,,,,,,
ﾐﾔｺｽﾀｰ,23388,,殺虫剤,ﾐﾔｺｶﾌﾞﾘﾀﾞﾆ,「-（生）」,,,,,,,,
打ち込み上手,23389,,殺虫剤,ｱｾﾌｪｰﾄ,1B,,,,,,,,
協友ｻｲｱﾉｯｸｽ粉剤,23391,,殺虫剤,CYAP,1B,,,,,,,,
ｽｸﾐﾝﾍﾞｲﾄ3,23398,,殺虫剤,燐酸第二鉄,「-」,,,,,,,,
ﾒﾀﾚｯｸｽRG粒剤,23412,,殺虫剤,ﾒﾀｱﾙﾃﾞﾋﾄﾞ,「-」,,,,,,,,
ｶﾒﾉｺS,23413,,殺虫剤,ﾋﾒｶﾒﾉｺﾃﾝﾄｳ,「-（生）」,,,,,,,,
ﾀﾞｲﾘｰｸﾞ粒剤,23419,,殺虫剤,ｱｾﾀﾐﾌﾟﾘﾄﾞ,4A,,,,,,,,
ISKﾃﾙｽﾀｰﾌﾛｱﾌﾞﾙ,23430,,殺虫剤,ﾋﾞﾌｪﾝﾄﾘﾝ,3A,,,,,,,,
ISKﾃﾙｽﾀｰ水和剤,23431,,殺虫剤,ﾋﾞﾌｪﾝﾄﾘﾝ,3A,,,,,,,,
ﾊﾟｲﾚｰﾂ粒剤,23432,,殺虫剤,ﾒﾀﾘｼﾞｳﾑ ｱﾆｿﾌﾟﾘｴ,「-（生）」,,,,,,,,
協友ｺﾃﾂﾌﾛｱﾌﾞﾙ,23444,,殺虫剤,ｸﾛﾙﾌｪﾅﾋﾟﾙ,13,,,,,,,,
ISKｶﾞｾﾞｯﾄ粒剤,23446,,殺虫剤,ｶﾙﾎﾞｽﾙﾌｧﾝ,1A,,,,,,,,
ISKﾗｸﾞﾋﾞｰMC粒剤,23450,,殺虫剤,ｶｽﾞｻﾎｽ,1B,,,,,,,,
ｼﾞｬﾝﾎﾞたにしくん,23460,,殺虫剤,ﾒﾀｱﾙﾃﾞﾋﾄﾞ,「-」,,,,,,,,
ｽｸﾐﾉﾝﾒｲﾄ,23461,,殺虫剤,ﾒﾀｱﾙﾃﾞﾋﾄﾞ,「-」,,,,,,,,
ｴｽﾍﾟﾗﾝｻ,23469,,殺虫剤,ｼｱﾝﾄﾗﾆﾘﾌﾟﾛｰﾙ,28,,,,,,,,
ﾂｲﾝｱﾀｯｸ顆粒水和剤,23471,,殺虫剤,ｼｱﾝﾄﾗﾆﾘﾌﾟﾛｰﾙ,28,ﾁｱﾒﾄｷｻﾑ,4A,,,,,,
ﾊﾟﾅﾋｭｰﾑ,23476,,殺虫剤,ﾘﾝ化ｱﾙﾐﾆｳﾑ,24A,,,,,,,,
ﾊﾟﾅﾋｭｰﾑ小球,23477,,殺虫剤,ﾘﾝ化ｱﾙﾐﾆｳﾑ,24A,,,,,,,,
ｷﾓﾝﾌﾞﾛｯｸ液剤,23485,,殺虫剤,還元澱粉糖化物,「-」,,,,,,,,
Nｽﾗｺﾞ,23486,,殺虫剤,燐酸第二鉄,「-」,,,,,,,,
NSｽﾗｺﾞ,23487,,殺虫剤,燐酸第二鉄,「-」,,,,,,,,
Nﾌｪﾗﾓｰﾙ,23488,,殺虫剤,燐酸第二鉄,「-」,,,,,,,,
NSﾌｪﾗﾓｰﾙ,23489,,殺虫剤,燐酸第二鉄,「-」,,,,,,,,
Nｽｸﾐﾝﾍﾞｲﾄ3,23490,,殺虫剤,燐酸第二鉄,「-」,,,,,,,,
ｽﾀｰﾏｲﾄﾌﾟﾗｽﾌﾛｱﾌﾞﾙ,23505,,殺虫剤,ｼｴﾉﾋﾟﾗﾌｪﾝ,25A,ﾋﾟﾘﾀﾞﾍﾞﾝ,21A,,,,,,
ｵｰﾙｽﾀｰｽﾌﾟﾚｰ,23506,,殺虫剤,ｼﾞﾉﾃﾌﾗﾝ,4A,,,,,,,,
ｶｲｶﾞﾗﾑｼｴｱｿﾞｰﾙ,23518,,殺虫剤,ｸﾛﾁｱﾆｼﾞﾝ,4A,ﾌｪﾝﾌﾟﾛﾊﾟﾄﾘﾝ,3A,,,,,,
協友機械油乳剤95,23523,,殺虫剤,ﾏｼﾝ油,"UNM(I*),NC(F*)",,,,,,,,
ｸﾐｱｲﾍﾞﾈﾋﾞｱOD,23554,,殺虫剤,ｼｱﾝﾄﾗﾆﾘﾌﾟﾛｰﾙ,28,,,,,,,,
ｸﾐｱｲﾍﾞﾘﾏｰｸSC,23557,,殺虫剤,ｼｱﾝﾄﾗﾆﾘﾌﾟﾛｰﾙ,28,,,,,,,,
日曹ﾍﾞﾘﾏｰｸSC,23559,,殺虫剤,ｼｱﾝﾄﾗﾆﾘﾌﾟﾛｰﾙ,28,,,,,,,,
ｸﾐｱｲｴｸｼﾚﾙSE,23561,,殺虫剤,ｼｱﾝﾄﾗﾆﾘﾌﾟﾛｰﾙ,28,,,,,,,,
日産ｴｸｼﾚﾙSE,23563,,殺虫剤,ｼｱﾝﾄﾗﾆﾘﾌﾟﾛｰﾙ,28,,,,,,,,
ﾊﾟﾃﾞｨｰﾄ箱粒剤,23564,,殺虫剤,ｼｱﾝﾄﾗﾆﾘﾌﾟﾛｰﾙ,28,,,,,,,,
ｸﾐｱｲﾊﾟﾃﾞｨｰﾄ箱粒剤,23565,,殺虫剤,ｼｱﾝﾄﾗﾆﾘﾌﾟﾛｰﾙ,28,,,,,,,,
日産ﾌﾟﾘﾛｯｿ粒剤,23568,,殺虫剤,ｼｱﾝﾄﾗﾆﾘﾌﾟﾛｰﾙ,28,,,,,,,,
丸和ﾌﾟﾘﾛｯｿ粒剤,23569,,殺虫剤,ｼｱﾝﾄﾗﾆﾘﾌﾟﾛｰﾙ,28,,,,,,,,
ﾌﾟﾘﾝｽｽﾋﾟﾉ粒剤10,23574,,殺虫剤,ｽﾋﾟﾉｻﾄﾞ,5,ﾌｨﾌﾟﾛﾆﾙ,2B,,,,,,
ﾀﾞﾆﾊﾁﾌﾛｱﾌﾞﾙ,23590,,殺虫剤,ｼﾌﾙﾒﾄﾌｪﾝ,25A,ﾄﾙﾌｪﾝﾋﾟﾗﾄﾞ,"21A(I*), 39(F*)",,,,,,
ﾀﾞﾆﾚﾝｼﾞｬｰDC,23591,,殺虫剤,ｼﾌﾙﾒﾄﾌｪﾝ,25A,,,,,,,,
ｱﾍﾞｲﾙ粒剤,23623,,殺虫剤,ｱｾﾀﾐﾌﾟﾘﾄﾞ,4A,ｼｱﾝﾄﾗﾆﾘﾌﾟﾛｰﾙ,28,,,,,,
ｳｯﾄﾞｽﾀｰ,23624,,殺虫剤,ｼﾞﾉﾃﾌﾗﾝ,4A,,,,,,,,
ｸﾛﾋﾟｸﾌﾛｰMN,23626,,殺虫剤,ｸﾛﾙﾋﾟｸﾘﾝ,8B,,,,,,,,
ﾀﾞﾌﾞﾙﾌｪｰｽﾌﾛｱﾌﾞﾙ,23629,,殺虫剤,ﾋﾟﾌﾙﾌﾞﾐﾄﾞ,25B,ﾌｪﾝﾋﾟﾛｷｼﾒｰﾄ,21A,,,,,,
ｴｰｽｸﾞﾘｰﾝ,23637,,殺虫剤,酒石酸ﾓﾗﾝﾃﾙ,「-」,,,,,,,,
ﾊﾟｲﾝﾚｽｷｭｰ,23638,,殺虫剤,酒石酸ﾓﾗﾝﾃﾙ,「-」,,,,,,,,
ﾍﾟｲｵﾌME液剤,23643,,殺虫剤,ﾌﾙｼﾄﾘﾈｰﾄ,3A,,,,,,,,
協友ﾀﾞｲｱｼﾞﾉﾝ水和剤34,23644,,殺虫剤,ﾀﾞｲｱｼﾞﾉﾝ,1B,,,,,,,,
ﾌﾞﾚｲｸｼｮｯﾄ,23651,,殺虫剤,ｼｱﾝﾄﾗﾆﾘﾌﾟﾛｰﾙ,28,,,,,,,,
ﾅﾒﾅｲﾄ,23654,,殺虫剤,ﾒﾀｱﾙﾃﾞﾋﾄﾞ,「-」,,,,,,,,
ﾅﾒｸﾘｰﾝ3,23655,,殺虫剤,ﾒﾀｱﾙﾃﾞﾋﾄﾞ,「-」,,,,,,,,
ﾘﾓﾆｶ,23656,,殺虫剤,ﾘﾓﾆｶｽｶﾌﾞﾘﾀﾞﾆ,「-（生）」,,,,,,,,
ｱｸﾀﾗﾌｫｰｽ粒剤,23659,,殺虫剤,ﾁｱﾒﾄｷｻﾑ,4A,ﾃﾌﾙﾄﾘﾝ,3A,,,,,,
ｱｶﾒ,23663,,殺虫剤,ｱｶﾒｶﾞｼﾜｸﾀﾞｱｻﾞﾐｳﾏ,「-（生）」,,,,,,,,
ﾊﾞｲﾃﾞｰﾄMK,23665,,殺虫剤,ｵｷｻﾐﾙ,1A,,,,,,,,
ｳｯﾄﾞｾｰﾊﾞｰ,23676,,殺虫剤,ｼﾞﾉﾃﾌﾗﾝ,4A,,,,,,,,
ﾈｷﾘﾍﾞｲﾄ,23683,,殺虫剤,ﾍﾟﾙﾒﾄﾘﾝ,3A,,,,,,,,
ﾏｲｺﾀｰﾙ,23691,,殺虫剤,ﾊﾞｰﾃｨｼﾘｳﾑ ﾚｶﾆ,「-」,,,,,,,,
ﾃﾝﾄｯﾌﾟ,23698,,殺虫剤,ﾅﾐﾃﾝﾄｳ2および3齢幼虫,「-（生）」,,,,,,,,
ﾍﾞﾆｶR乳剤,23709,,殺虫剤,ﾌｪﾝﾌﾟﾛﾊﾟﾄﾘﾝ,3A,,,,,,,,
ﾐﾈｸﾄｽﾀｰ顆粒水和剤,23721,,殺虫剤,ｼｱﾝﾄﾗﾆﾘﾌﾟﾛｰﾙ,28,ﾋﾟﾒﾄﾛｼﾞﾝ,9B,,,,,,
ﾚﾋﾟｸﾘｰﾝDF,23728,,殺虫剤,BT(生菌),11A,,,,,,,,
ﾍﾞﾐﾃﾞﾀｯﾁ,23731,,殺虫剤,ｸﾞﾘｾﾘﾝ酢酸脂肪酸ｴｽﾃﾙ,「-」,,,,,,,,
ﾌｰﾓﾝ,23741,,殺虫剤,ﾎﾟﾘｸﾞﾘｾﾘﾝ脂肪酸ｴｽﾃﾙ,「-」,,,,,,,,
ﾘﾊﾞｲﾌﾞ,23743,,殺虫剤,ｴﾏﾒｸﾁﾝ安息香酸塩,6,,,,,,,,
ﾃﾞﾆﾑﾌｨｯﾄ45顆粒水和剤,23744,,殺虫剤,ｴﾏﾒｸﾁﾝ安息香酸塩,6,ﾙﾌｪﾇﾛﾝ,15,,,,,,
MICﾍﾞﾈﾋﾞｱOD,23752,,殺虫剤,ｼｱﾝﾄﾗﾆﾘﾌﾟﾛｰﾙ,28,,,,,,,,
ｼﾊﾞﾝﾄ箱粒剤,23758,,殺虫剤,ﾌﾙﾋﾟﾗｼﾞﾌﾛﾝ,4D,,,,,,,,
ｸﾐｱｲｼﾊﾞﾝﾄ箱粒剤,23759,,殺虫剤,ﾌﾙﾋﾟﾗｼﾞﾌﾛﾝ,4D,,,,,,,,
ｽﾗｺﾞX,23760,,殺虫剤,燐酸第二鉄,「-」,,,,,,,,
ｷﾞﾌﾊﾟｰﾙ,23771,,殺虫剤,ｷﾞﾌｱﾌﾞﾗﾊﾞﾁ,「-（生）」,,,,,,,,
ﾏﾂｶﾞｰﾄﾞｸｲｯｸ,23772,,殺虫剤,ﾐﾙﾍﾞﾒｸﾁﾝ,6,,,,,,,,
ｻｰﾋﾞｽｴｰｽ顆粒水和剤,23775,,殺虫剤,ｽﾋﾟﾉｻﾄﾞ,5,,,,,,,,
ﾉｰｶｳﾝﾄ顆粒水和剤,23776,,殺虫剤,ｽﾋﾟﾉｻﾄﾞ,5,,,,,,,,
ｼｽﾃﾑｽﾜﾙくん,23777,,殺虫剤,ｽﾜﾙｽｷｰｶﾌﾞﾘﾀﾞﾆ,「-（生）」,,,,,,,,
ﾍﾞﾆｶｶﾐｷﾘﾑｼｴｱｿﾞｰﾙ,23779,,殺虫剤,ﾌｪﾝﾌﾟﾛﾊﾟﾄﾘﾝ,3A,,,,,,,,
ﾛﾋﾞﾝﾌｯﾄﾞ,23780,,殺虫剤,ﾌｪﾝﾌﾟﾛﾊﾟﾄﾘﾝ,3A,,,,,,,,
ﾐﾈｸﾄﾃﾞｭｵ粒剤,23783,,殺虫剤,ｼｱﾝﾄﾗﾆﾘﾌﾟﾛｰﾙ,28,ﾁｱﾒﾄｷｻﾑ,4A,,,,,,
ｼｽﾃﾑﾐﾔｺくん,23784,,殺虫剤,ﾐﾔｺｶﾌﾞﾘﾀﾞﾆ,「-（生）」,,,,,,,,
ﾍﾞﾆｶRｽﾌﾟﾚｰ,23798,,殺虫剤,ﾌｪﾝﾌﾟﾛﾊﾟﾄﾘﾝ,3A,,,,,,,,
住友化学ｼﾞｬﾝﾎﾞたにしくん,23799,,殺虫剤,ﾒﾀｱﾙﾃﾞﾋﾄﾞ,「-」,,,,,,,,
ｽﾜﾏｲﾄ,23807,,殺虫剤,ｽﾜﾙｽｷｰｶﾌﾞﾘﾀﾞﾆ,「-（生）」,,,,,,,,
ﾅｲｽﾊﾟｰﾄﾅｰ,23813,,殺虫剤,ｸﾛﾁｱﾆｼﾞﾝ,4A,,,,,,,,
ｽｸﾐﾝﾌﾞﾙｰ,23838,,殺虫剤,燐酸第二鉄,「-」,,,,,,,,
ﾊﾞｽﾞ顆粒水和剤,23841,,殺虫剤,ｼｱﾝﾄﾗﾆﾘﾌﾟﾛｰﾙ,28,,,,,,,,
ﾎﾞｸｼｰDS箱粒剤,23871,,殺虫剤,ｸﾛﾁｱﾆｼﾞﾝ,4A,ｽﾋﾟﾈﾄﾗﾑ,5,,,,,,
兼商ﾃﾞﾙﾌｨﾝ顆粒水和剤,23884,,殺虫剤,BT(生菌),11A,,,,,,,,
日農ﾀﾞｲｱｼﾞﾉﾝ乳剤40,23885,,殺虫剤,ﾀﾞｲｱｼﾞﾉﾝ,1B,,,,,,,,
ﾎｸｺｰｾﾞﾛｶｳﾝﾄ粒剤,23887,,殺虫剤,ｽﾋﾟﾉｻﾄﾞ,5,,,,,,,,
ｾﾞﾛｶｳﾝﾄ粒剤,23888,,殺虫剤,ｽﾋﾟﾉｻﾄﾞ,5,,,,,,,,
ﾒｲﾝｽﾌﾟﾘﾝｸﾞﾌﾛｰﾗ顆粒水和剤,23908,,殺虫剤,ｼｱﾝﾄﾗﾆﾘﾌﾟﾛｰﾙ,28,ﾋﾟﾒﾄﾛｼﾞﾝ,9B,,,,,,
ﾈﾏｼｮｯﾄ粒剤,23931,,殺虫剤,ﾌﾙｴﾝｽﾙﾎﾝ,「-」,,,,,,,,
SDSﾈﾏｼｮｯﾄ粒剤,23932,,殺虫剤,ﾌﾙｴﾝｽﾙﾎﾝ,「-」,,,,,,,,
ﾌﾟﾘﾝｽｱｸﾃｨﾌﾞ粒剤,23937,,殺虫剤,ﾌｨﾌﾟﾛﾆﾙ,2B,,,,,,,,
ｼﾝｼﾞｪﾝﾀ ｱｾﾙﾌﾟﾘﾝ,23941,,殺虫剤,ｸﾛﾗﾝﾄﾗﾆﾘﾌﾟﾛｰﾙ,28,,,,,,,,
兼商ﾁｭｰﾝｱｯﾌﾟ顆粒水和剤,23943,,殺虫剤,BT(生菌),11A,,,,,,,,
ﾍﾞｼﾞﾘｰﾄﾞ粒剤,23945,,殺虫剤,ｸﾛﾁｱﾆｼﾞﾝ,4A,ｽﾋﾟﾈﾄﾗﾑ,5,,,,,,
ﾀﾞﾆｺﾝｸﾞﾌﾛｱﾌﾞﾙ,23946,,殺虫剤,ﾋﾟﾌﾙﾌﾞﾐﾄﾞ,25B,,,,,,,,
ﾍﾞﾆｶﾍﾞｼﾞﾌﾙ乳剤,23948,,殺虫剤,ﾍﾟﾙﾒﾄﾘﾝ,3A,,,,,,,,
ｵﾘｽﾀｰA,23960,,殺虫剤,ﾀｲﾘｸﾋﾒﾊﾅｶﾒﾑｼ,「-（生）」,,,,,,,,
ﾋﾞｰﾗﾑ粒剤,23961,,殺虫剤,ﾌﾙｵﾋﾟﾗﾑ,"「-」(I*), 7(F*)",,,,,,,,
ﾈﾏｸﾘｰﾝ粒剤,23962,,殺虫剤,ﾌﾙｵﾋﾟﾗﾑ,"「-」(I*), 7(F*)",,,,,,,,
ﾄｯﾌﾟﾁｮｲｽﾌﾛｱﾌﾞﾙ,23970,,殺虫剤,ﾌｨﾌﾟﾛﾆﾙ,2B,,,,,,,,
ｷﾙﾊﾟｰ,24000,,殺虫剤,ｶｰﾊﾞﾑﾅﾄﾘｳﾑ塩,8F,,,,,,,,
ｱﾄﾞﾏｲﾔｰｲｰﾓ粒剤,24006,,殺虫剤,ｲﾐﾀﾞｸﾛﾌﾟﾘﾄﾞ,4A,,,,,,,,
ﾎｸｺｰﾌﾟﾘﾝｽ粒剤,24011,,殺虫剤,ﾌｨﾌﾟﾛﾆﾙ,2B,,,,,,,,
ﾌｧｰﾑｽﾀｰ顆粒水溶剤50,24012,,殺虫剤,ｼﾞﾉﾃﾌﾗﾝ,4A,,,,,,,,
ﾄﾗﾝｽﾌｫｰﾑﾌﾛｱﾌﾞﾙ,24016,,殺虫剤,ｽﾙﾎｷｻﾌﾛﾙ,4C,,,,,,,,
日産ﾄﾗﾝｽﾌｫｰﾑﾌﾛｱﾌﾞﾙ,24017,,殺虫剤,ｽﾙﾎｷｻﾌﾛﾙ,4C,,,,,,,,
ﾎｸｺｰﾄﾗﾝｽﾌｫｰﾑﾌﾛｱﾌﾞﾙ,24018,,殺虫剤,ｽﾙﾎｷｻﾌﾛﾙ,4C,,,,,,,,
ｴｸｼｰﾄﾞﾌﾛｱﾌﾞﾙ,24019,,殺虫剤,ｽﾙﾎｷｻﾌﾛﾙ,4C,,,,,,,,
日産ｴｸｼｰﾄﾞﾌﾛｱﾌﾞﾙ,24020,,殺虫剤,ｽﾙﾎｷｻﾌﾛﾙ,4C,,,,,,,,
ﾎｸｺｰｴｸｼｰﾄﾞﾌﾛｱﾌﾞﾙ,24021,,殺虫剤,ｽﾙﾎｷｻﾌﾛﾙ,4C,,,,,,,,
ﾃｯﾊﾟﾝ液剤,24023,,殺虫剤,ｼｸﾗﾆﾘﾌﾟﾛｰﾙ,28,,,,,,,,
ｿｳﾍｷ液剤,24024,,殺虫剤,ｼｸﾗﾆﾘﾌﾟﾛｰﾙ,28,ﾌﾛﾆｶﾐﾄﾞ,29,,,,,,
日産ﾌﾟﾘﾝｽ粒剤,24030,,殺虫剤,ﾌｨﾌﾟﾛﾆﾙ,2B,,,,,,,,
ﾛｯｸｵﾝ,24033,,殺虫剤,ﾌﾙﾍﾞﾝｼﾞｱﾐﾄﾞ,28,,,,,,,,
ｿｰﾌﾟｶﾞｰﾄﾞ,24034,,殺虫剤,ｵﾚｲﾝ酸ﾅﾄﾘｳﾑ,「-」,,,,,,,,
ﾛﾝｻﾞﾒﾀﾍﾟﾚｯﾄ3,24045,,殺虫剤,ﾒﾀｱﾙﾃﾞﾋﾄﾞ,「-」,,,,,,,,
ｻﾝｹｲﾀﾞﾌﾞﾙｼｭｰﾀｰSE,24054,,殺虫剤,脂肪酸ｸﾞﾘｾﾘﾄﾞ(虫),「-」,ｽﾋﾟﾉｻﾄﾞ,5,,,,,,
ﾀﾞﾌﾞﾙｼｭｰﾀｰSE,24055,,殺虫剤,脂肪酸ｸﾞﾘｾﾘﾄﾞ(虫),「-」,ｽﾋﾟﾉｻﾄﾞ,5,,,,,,
ﾒﾋﾞｳｽﾌﾛｱﾌﾞﾙ,24068,,殺虫剤,ｱﾊﾞﾒｸﾁﾝ,6,ｴﾄｷｻｿﾞｰﾙ,10B,,,,,,
明治ﾌｧｲﾝｾｰﾌﾞﾌﾛｱﾌﾞﾙ,24069,,殺虫剤,ﾌﾛﾒﾄｷﾝ,34,,,,,,,,
ﾌｧｲﾝｾｰﾌﾞﾌﾛｱﾌﾞﾙ,24070,,殺虫剤,ﾌﾛﾒﾄｷﾝ,34,,,,,,,,
ｷﾙﾊﾟｰ40,24080,,殺虫剤,ｶｰﾊﾞﾑﾅﾄﾘｳﾑ塩,8F,,,,,,,,
ｴｸｼﾚﾙSE,24088,,殺虫剤,ｼｱﾝﾄﾗﾆﾘﾌﾟﾛｰﾙ,28,,,,,,,,
ﾌﾟﾘﾛｯｿ粒剤,24089,,殺虫剤,ｼｱﾝﾄﾗﾆﾘﾌﾟﾛｰﾙ,28,,,,,,,,
ﾍﾞﾘﾏｰｸSC,24090,,殺虫剤,ｼｱﾝﾄﾗﾆﾘﾌﾟﾛｰﾙ,28,,,,,,,,
ﾍﾞﾈﾋﾞｱOD,24091,,殺虫剤,ｼｱﾝﾄﾗﾆﾘﾌﾟﾛｰﾙ,28,,,,,,,,
ｸｸﾒﾘｽ,24096,,殺虫剤,ｸｸﾒﾘｽｶﾌﾞﾘﾀﾞﾆ,「-（生）」,,,,,,,,
ﾏｲｷﾗｰL,24101,,殺虫剤,ﾒﾀｱﾙﾃﾞﾋﾄﾞ,「-」,,,,,,,,
ｱﾄﾞﾏｲﾔｰﾌﾟﾗｽﾌﾛｱﾌﾞﾙ,24102,,殺虫剤,ｲﾐﾀﾞｸﾛﾌﾟﾘﾄﾞ,4A,ｴﾁﾌﾟﾛｰﾙ,2B,,,,,,
JAｾﾞｸｻﾛﾝ箱粒剤,24123,,殺虫剤,ﾄﾘﾌﾙﾒｿﾞﾋﾟﾘﾑ,4E,,,,,,,,
ﾎｸｺｰﾌｪﾙﾃﾗｾﾞｸｻﾛﾝ箱粒剤,24126,,殺虫剤,ｸﾛﾗﾝﾄﾗﾆﾘﾌﾟﾛｰﾙ,28,ﾄﾘﾌﾙﾒｿﾞﾋﾟﾘﾑ,4E,,,,,,
ｾﾞｸｻﾛﾝﾊﾟﾃﾞｨｰﾄ箱粒剤,24133,,殺虫剤,ｼｱﾝﾄﾗﾆﾘﾌﾟﾛｰﾙ,28,ﾄﾘﾌﾙﾒｿﾞﾋﾟﾘﾑ,4E,,,,,,
ﾋﾞﾚｽｺ顆粒水和剤,24137,,殺虫剤,ｽﾙﾎｷｻﾌﾛﾙ,4C,,,,,,,,
日産ﾋﾞﾚｽｺ顆粒水和剤,24138,,殺虫剤,ｽﾙﾎｷｻﾌﾛﾙ,4C,,,,,,,,
ﾎｸｺｰﾋﾞﾚｽｺ顆粒水和剤,24139,,殺虫剤,ｽﾙﾎｷｻﾌﾛﾙ,4C,,,,,,,,
ｴｸｼｰﾄﾞ粉剤DL,24140,,殺虫剤,ｽﾙﾎｷｻﾌﾛﾙ,4C,,,,,,,,
日産ｴｸｼｰﾄﾞ粉剤DL,24141,,殺虫剤,ｽﾙﾎｷｻﾌﾛﾙ,4C,,,,,,,,
ﾎｸｺｰｴｸｼｰﾄﾞ粉剤DL,24142,,殺虫剤,ｽﾙﾎｷｻﾌﾛﾙ,4C,,,,,,,,
粘着くん液剤,24145,,殺虫剤,ﾋﾄﾞﾛｷｼﾌﾟﾛﾋﾟﾙ化ﾘﾝ酸架橋ﾃﾞﾝﾌﾟﾝ,「-」,,,,,,,,
明治ﾌｪﾙﾃﾗﾁｪｽ箱粒剤,24161,,殺虫剤,ｸﾛﾗﾝﾄﾗﾆﾘﾌﾟﾛｰﾙ,28,ﾋﾟﾒﾄﾛｼﾞﾝ,9B,,,,,,
inochioｾｲﾚｰﾝﾌﾛｱﾌﾞﾙ,24163,,殺虫剤,ｽﾋﾟﾛﾃﾄﾗﾏﾄ,23,,,,,,,,
ﾋﾞｰﾗﾑﾌﾟﾗｽ粒剤,24168,,殺虫剤,ｲﾐﾀﾞｸﾛﾌﾟﾘﾄﾞ,4A,ﾌﾙｵﾋﾟﾗﾑ,"「-」(I*), 7(F*)",,,,,,
丸和ｴｸｼﾚﾙSE,24174,,殺虫剤,ｼｱﾝﾄﾗﾆﾘﾌﾟﾛｰﾙ,28,,,,,,,,
ﾛﾊﾋﾟ,24181,,殺虫剤,ｶﾌﾟﾘﾝ酸ｸﾞﾘｾﾘﾙ,「-」,,,,,,,,
ﾋﾟﾀｲﾁ,24184,,殺虫剤,ｸﾞﾘｾﾘﾝｸｴﾝ酸脂肪酸ｴｽﾃﾙ,「-」,,,,,,,,
ｸﾞﾚｰｼｱ乳剤,24185,,殺虫剤,ﾌﾙｷｻﾒﾀﾐﾄﾞ,30,,,,,,,,
ﾀﾞﾌﾞﾙﾄﾘｶﾞｰ液剤,24187,,殺虫剤,ｼｸﾗﾆﾘﾌﾟﾛｰﾙ,28,,,,,,,,
日農ﾊﾁﾊﾁ乳剤,24193,,殺虫剤,ﾄﾙﾌｪﾝﾋﾟﾗﾄﾞ,"21A(I*), 39(F*)",,,,,,,,
丸和ﾍﾞﾈﾋﾞｱOD,24209,,殺虫剤,ｼｱﾝﾄﾗﾆﾘﾌﾟﾛｰﾙ,28,,,,,,,,
ﾀﾞﾆｵｰﾃﾌﾛｱﾌﾞﾙ,24213,,殺虫剤,ｱｼﾉﾅﾋﾟﾙ,33,,,,,,,,
ﾀﾞﾆｵｰﾃ乳剤,24214,,殺虫剤,ｱｼﾉﾅﾋﾟﾙ,33,,,,,,,,
ｶﾞｰﾃﾞﾝｱｰｽB2,24217,,殺虫剤,ﾍﾟﾙﾒﾄﾘﾝ,3A,,,,,,,,
ﾗﾃﾞｨｱﾝﾄSC,24225,,殺虫剤,ｽﾋﾟﾈﾄﾗﾑ,5,,,,,,,,
丸和ﾍﾞﾘﾏｰｸSC,24226,,殺虫剤,ｼｱﾝﾄﾗﾆﾘﾌﾟﾛｰﾙ,28,,,,,,,,
ﾃﾞﾘｹﾞｰﾄWDG,24231,,殺虫剤,ｽﾋﾟﾈﾄﾗﾑ,5,,,,,,,,
ｹﾑｼｼﾞｪｯﾄ,24236,,殺虫剤,ｸﾛﾗﾝﾄﾗﾆﾘﾌﾟﾛｰﾙ,28,ﾋﾞﾌｪﾝﾄﾘﾝ,3A,,,,,,
ﾘﾃﾞｨｱ箱粒剤,24238,,殺虫剤,ﾌﾙﾋﾟﾘﾐﾝ,4F,,,,,,,,
ｴﾐﾘｱﾌﾛｱﾌﾞﾙ,24240,,殺虫剤,ﾌﾙﾋﾟﾘﾐﾝ,4F,,,,,,,,
ﾌｫﾙﾃﾝｻﾞFS,24257,,殺虫剤,ｼｱﾝﾄﾗﾆﾘﾌﾟﾛｰﾙ,28,,,,,,,,
ｲｻﾞﾅﾐﾌﾛｱﾌﾞﾙ,24311,,殺虫剤,ﾌﾙｷｻﾒﾀﾐﾄﾞ,30,,,,,,,,
ﾖｰﾊﾞﾙﾌﾛｱﾌﾞﾙ,24317,,殺虫剤,ﾃﾄﾗﾆﾘﾌﾟﾛｰﾙ,28,,,,,,,,
兼商ﾖｰﾊﾞﾙﾌﾛｱﾌﾞﾙ,24318,,殺虫剤,ﾃﾄﾗﾆﾘﾌﾟﾛｰﾙ,28,,,,,,,,
ﾖｰﾊﾞﾙ箱粒剤,24328,,殺虫剤,ﾃﾄﾗﾆﾘﾌﾟﾛｰﾙ,28,,,,,,,,
ﾖｰﾊﾞﾙｼｰﾄﾞFS,24329,,殺虫剤,ﾃﾄﾗﾆﾘﾌﾟﾛｰﾙ,28,,,,,,,,
ｽﾀｰﾄﾚﾎﾞﾝW10,24344,,殺虫剤,ｴﾄﾌｪﾝﾌﾟﾛｯｸｽ,3A,ｼﾞﾉﾃﾌﾗﾝ,4A,,,,,,
ﾍﾞﾆｶAｽﾌﾟﾚｰ,24360,,殺虫剤,ﾍﾟﾙﾒﾄﾘﾝ,3A,,,,,,,,
ﾎｸｺｰﾌﾟﾘﾝｽｽﾋﾟﾉ粒剤6,24365,,殺虫剤,ｽﾋﾟﾉｻﾄﾞ,5,ﾌｨﾌﾟﾛﾆﾙ,2B,,,,,,
ﾎｸｺｰﾘﾃﾞｨｱ箱粒剤,24366,,殺虫剤,ﾌﾙﾋﾟﾘﾐﾝ,4F,,,,,,,,
ｸﾐｱｲｴﾐﾘｱﾌﾛｱﾌﾞﾙ,24391,,殺虫剤,ﾌﾙﾋﾟﾘﾐﾝ,4F,,,,,,,,
ﾌﾞﾛﾌﾚｱSC,24422,,殺虫剤,ﾌﾞﾛﾌﾗﾆﾘﾄﾞ,30,,,,,,,,
ﾌﾞﾛﾌﾚｱ20SC,24423,,殺虫剤,ﾌﾞﾛﾌﾗﾆﾘﾄﾞ,30,,,,,,,,
ｵｰｹｽﾄﾗﾌﾛｱﾌﾞﾙ,24424,,殺虫剤,ﾍﾞﾝｽﾞﾋﾟﾘﾓｷｻﾝ,UN,,,,,,,,
ｵｰｹｽﾄﾗ粉剤DL,24425,,殺虫剤,ﾍﾞﾝｽﾞﾋﾟﾘﾓｷｻﾝ,UN,,,,,,,,
住化ﾌﾙｽｳｨﾝｸﾞ,24428,,殺虫剤,ｸﾛﾁｱﾆｼﾞﾝ,4A,,,,,,,,
ﾌﾟﾘﾛｯｿ粒剤ｵﾒｶﾞ,24429,,殺虫剤,ｼｱﾝﾄﾗﾆﾘﾌﾟﾛｰﾙ,28,,,,,,,,
ｶﾀﾞﾝｾｰﾌⅡ,24430,,殺虫剤,ｿﾙﾋﾞﾀﾝ脂肪酸ｴｽﾃﾙ(殺虫),「-」,,,,,,,,
ｺﾃﾂﾍﾞｲﾄ,24438,,殺虫剤,ｸﾛﾙﾌｪﾅﾋﾟﾙ,13,,,,,,,,
ｻﾝｹｲｺﾃﾂﾍﾞｲﾄ,24439,,殺虫剤,ｸﾛﾙﾌｪﾅﾋﾟﾙ,13,,,,,,,,
ﾈｷﾘｽﾀｰ,24452,,殺虫剤,ｸﾛﾁｱﾆｼﾞﾝ,4A,,,,,,,,
ｺﾙﾃﾊﾞ ﾌﾟﾘﾝｽｽﾋﾟﾉ粒剤6,24458,,殺虫剤,ｽﾋﾟﾉｻﾄﾞ,5,ﾌｨﾌﾟﾛﾆﾙ,2B,,,,,,
ｺﾙﾃﾊﾞ ｾﾞｸｻﾛﾝ箱粒剤,24459,,殺虫剤,ﾄﾘﾌﾙﾒｿﾞﾋﾟﾘﾑ,4E,,,,,,,,
ﾎｰｸｱｲ顆粒水和剤,24464,,殺虫剤,ｲﾝﾄﾞｷｻｶﾙﾌﾞ,22A,,,,,,,,
ﾐｯﾁﾄｯﾌﾟ,24466,,殺虫剤,ﾁﾘｶﾌﾞﾘﾀﾞﾆ,「-（生）」,ﾐﾔｺｶﾌﾞﾘﾀﾞﾆ,「-（生）」,,,,,,
ﾃﾄﾘｰﾉﾌﾛｱﾌﾞﾙ,24467,,殺虫剤,ﾃﾄﾗﾆﾘﾌﾟﾛｰﾙ,28,,,,,,,,
ｺﾞｰﾙﾄﾞﾗｯｼｭMC,24487,,殺虫剤,ﾋﾟﾘﾌﾟﾛｷｼﾌｪﾝ,7C,,,,,,,,
ﾎｸｺｰﾘﾃﾞｨｱNT箱粒剤,24503,,殺虫剤,ﾌﾙﾋﾟﾘﾐﾝ,4F,,,,,,,,
ﾘﾃﾞｨｱNT箱粒剤,24504,,殺虫剤,ﾌﾙﾋﾟﾘﾐﾝ,4F,,,,,,,,
ｱﾚｽ箱粒剤3,24509,,殺虫剤,ｵｷｻｿﾞｽﾙﾌｨﾙ,UN,,,,,,,,
ｱﾚｽ箱粒剤,24512,,殺虫剤,ｵｷｻｿﾞｽﾙﾌｨﾙ,UN,,,,,,,,
ﾌｧｲﾝﾄﾘﾑDF,24519,,殺虫剤,ｲﾝﾄﾞｷｻｶﾙﾌﾞ,22A,,,,,,,,
ﾊﾞｺﾄｯﾌﾟ,24524,,殺虫剤,ﾀﾊﾞｺｶｽﾐｶﾒ,「-（生）」,,,,,,,,
井筒屋ｼｮｯﾄﾜﾝ･ﾂｰ液剤,24529,,殺虫剤,ｴﾏﾒｸﾁﾝ安息香酸塩,6,,,,,,,,
ﾁﾘｶﾞﾌﾞﾘ,24553,,殺虫剤,ﾁﾘｶﾌﾞﾘﾀﾞﾆ,「-（生）」,,,,,,,,
ｼｽﾃﾑｽﾜﾙくんﾛﾝｸﾞ,24554,,殺虫剤,ｽﾜﾙｽｷｰｶﾌﾞﾘﾀﾞﾆ,「-（生）」,,,,,,,,
ﾈﾏﾄﾘﾝﾊﾟﾜｰD粒剤,24555,,殺虫剤,ｸﾛﾁｱﾆｼﾞﾝ,4A,ﾎｽﾁｱｾﾞｰﾄ,1B,,,,,,
ﾀﾞﾌﾞﾙﾊﾞｽﾀｰ粒剤,24556,,殺虫剤,ｸﾛﾁｱﾆｼﾞﾝ,4A,ﾎｽﾁｱｾﾞｰﾄ,1B,,,,,,
住化ﾌﾙｽｳｨﾝｸﾞW,24557,,殺虫剤,ｶﾙﾀｯﾌﾟ,14,ｸﾛﾁｱﾆｼﾞﾝ,4A,,,,,,
ﾊﾞｳﾝｽﾊﾞｯｸWDG,24558,,殺虫剤,ｶﾙﾀｯﾌﾟ,14,ｸﾛﾁｱﾆｼﾞﾝ,4A,,,,,,
ｶﾀﾞﾝﾊﾟﾜｰｶﾞｰﾄﾞ液剤,24561,,殺虫剤,ｱｾﾀﾐﾌﾟﾘﾄﾞ,4A,,,,,,,,
ﾆﾜｸﾘﾝ液剤,24572,,殺虫剤,ﾎｽﾁｱｾﾞｰﾄ,1B,,,,,,,,
ﾆﾜｸﾘｰﾝ液剤,24573,,殺虫剤,ﾎｽﾁｱｾﾞｰﾄ,1B,,,,,,,,
ｼﾞｬﾎﾞｯﾄ,24574,,殺虫剤,ｽﾋﾟﾈﾄﾗﾑ,5,,,,,,,,
ｶﾀﾞﾝﾊﾟﾜｰｶﾞｰﾄﾞ粒剤,24575,,殺虫剤,ｱｾﾀﾐﾌﾟﾘﾄﾞ,4A,,,,,,,,
ﾖｰﾊﾞﾙｷﾝｸﾞﾌﾛｱﾌﾞﾙ,24578,,殺虫剤,ﾃﾄﾗﾆﾘﾌﾟﾛｰﾙ,28,,,,,,,,
ｱﾙﾊﾞﾘﾝ液剤10,24582,,殺虫剤,ｼﾞﾉﾃﾌﾗﾝ,4A,,,,,,,,
ﾃﾗﾌﾛｱﾌﾞﾙ,24591,,殺虫剤,ﾌﾞﾛﾌﾗﾆﾘﾄﾞ,30,,,,,,,,
理研ﾃﾗﾌﾛｱﾌﾞﾙ,24592,,殺虫剤,ﾌﾞﾛﾌﾗﾆﾘﾄﾞ,30,,,,,,,,
ﾏﾂｶﾞｰﾄﾞﾌﾗｯｼｭ,24593,,殺虫剤,ﾌﾞﾛﾌﾗﾆﾘﾄﾞ,30,,,,,,,,
ﾌｰﾓﾝﾌﾙｰﾂ,24609,,殺虫剤,ﾎﾟﾘｸﾞﾘｾﾘﾝ脂肪酸ｴｽﾃﾙ,「-」,,,,,,,,
ｵﾝｺﾙCR箱粒剤,24623,,殺虫剤,ﾍﾞﾝﾌﾗｶﾙﾌﾞ,1A,,,,,,,,
ﾍﾞｸﾄﾛﾝT500,24626,,殺虫剤,ﾌﾞﾛﾌﾗﾆﾘﾄﾞ,30,,,,,,,,
ｱﾍﾞﾝｼﾞｬｰﾌﾛｱﾌﾞﾙ,24631,,殺虫剤,ﾌﾛﾒﾄｷﾝ,34,,,,,,,,
ﾅﾒﾄｯｸｽ粒剤,24632,,殺虫剤,ﾒﾀｱﾙﾃﾞﾋﾄﾞ,「-」,,,,,,,,
ﾅﾒﾄｯｸｽFL,24633,,殺虫剤,ﾒﾀｱﾙﾃﾞﾋﾄﾞ,「-」,,,,,,,,
ﾈｺﾅｶｯﾄﾌﾛｱﾌﾞﾙ,24639,,殺虫剤,ｴﾄｷｻｿﾞｰﾙ,10B,,,,,,,,
ﾌｧｲﾝｽﾅｲﾊﾟｰ,24640,,殺虫剤,ﾌﾛﾒﾄｷﾝ,34,,,,,,,,
ﾍﾟｷｻﾛﾝﾌﾛｱﾌﾞﾙ,24641,,殺虫剤,ﾄﾘﾌﾙﾒｿﾞﾋﾟﾘﾑ,4E,,,,,,,,
ﾙﾐｽﾊﾟﾝｽFS,24650,,殺虫剤,ﾄﾘﾌﾙﾒｿﾞﾋﾟﾘﾑ,4E,,,,,,,,
ｴﾝﾊﾞｰFL,24657,,殺虫剤,ﾍﾟﾙﾒﾄﾘﾝ,3A,,,,,,,,
ｶﾞｰﾃﾞﾝｱｼｽﾄﾋﾟｭｱｽﾌﾟﾚｰ,24658,,殺虫剤,還元澱粉糖化物,「-」,,,,,,,,
ｾﾌｨｰﾅDC,24663,,殺虫剤,ｱﾌｨﾄﾞﾋﾟﾛﾍﾟﾝ,9D,,,,,,,,
MICﾌｪﾙﾃﾗﾁｪｽ箱粒剤,24680,,殺虫剤,ｸﾛﾗﾝﾄﾗﾆﾘﾌﾟﾛｰﾙ,28,ﾋﾟﾒﾄﾛｼﾞﾝ,9B,,,,,,
ｸｸﾒﾘｽEX,24695,,殺虫剤,ｸｸﾒﾘｽｶﾌﾞﾘﾀﾞﾆ,「-（生）」,,,,,,,,
ｽﾊﾟｲﾃﾞｯｸｽﾊﾞｲﾀﾙ,24696,,殺虫剤,ﾁﾘｶﾌﾞﾘﾀﾞﾆ,「-（生）」,,,,,,,,
ｽﾊﾟｲｶﾙﾌﾟﾗｽUM,24709,,殺虫剤,ﾐﾔｺｶﾌﾞﾘﾀﾞﾆ,「-（生）」,,,,,,,,
ｴｻﾞﾙﾀ箱粒剤,24716,,殺虫剤,ｽﾋﾟﾈﾄﾗﾑ,5,,,,,,,,
ﾅﾒﾄｯｸｽﾊｳｽ,24734,,殺虫剤,ﾒﾀｱﾙﾃﾞﾋﾄﾞ,「-」,,,,,,,,
ｶﾞｰﾃﾞﾝｱｼｽﾄﾋﾟﾚｽﾌﾟﾚｰ,24735,,殺虫剤,ﾋﾟﾚﾄﾘﾝ,3A,,,,,,,,
ｸﾞﾚｰｼｱﾌﾛｱﾌﾞﾙ,24743,,殺虫剤,ﾌﾙｷｻﾒﾀﾐﾄﾞ,30,,,,,,,,
ﾐﾈｸﾄｴｸｽﾄﾗSC,24744,,殺虫剤,ｼｱﾝﾄﾗﾆﾘﾌﾟﾛｰﾙ,28,ﾙﾌｪﾇﾛﾝ,15,,,,,,
ｸﾐｱｲｸﾞﾚｰｼｱﾌﾛｱﾌﾞﾙ,24751,,殺虫剤,ﾌﾙｷｻﾒﾀﾐﾄﾞ,30,,,,,,,,
ﾚｼｰﾌﾞ乳剤,24755,,殺虫剤,ｸﾞﾘｾﾘﾝ酢酸脂肪酸ｴｽﾃﾙ,「-」,,,,,,,,
ﾅﾒﾄｯｸｽｽﾌﾟﾚｰ,24761,,殺虫剤,ﾒﾀｱﾙﾃﾞﾋﾄﾞ,「-」,,,,,,,,
ﾙﾐﾋﾞｱFS,24771,,殺虫剤,ｸﾛﾗﾝﾄﾗﾆﾘﾌﾟﾛｰﾙ,28,,,,,,,,
ｾﾝﾃﾋｯｼｮｳ,24791,,殺虫剤,ﾎﾞｰﾍﾞﾘｱ ﾊﾞｼｱｰﾅATCC,UNF,,,,,,,,
ｽｸﾘｭｰﾊﾟﾝﾁWDG,24811,,殺虫剤,ｶﾙﾀｯﾌﾟ,14,ﾋﾟﾘﾀﾞﾘﾙ,UN,,,,,,
ｴﾐﾘｱ粒剤,24832,,殺虫剤,ﾌﾙﾋﾟﾘﾐﾝ,4F,,,,,,,,
ﾋﾞｰﾗﾑﾌﾟﾗｲﾑﾌﾛｱﾌﾞﾙ,24841,,殺虫剤,ﾌﾙｵﾋﾟﾗﾑ,"「-」(I*), 7(F*)",,,,,,,,
ﾈﾏｸﾘｰﾝﾌﾛｱﾌﾞﾙ,24842,,殺虫剤,ﾌﾙｵﾋﾟﾗﾑ,"「-」(I*), 7(F*)",,,,,,,,
ﾌｨｰﾙﾄﾞﾏｽﾄﾌﾛｱﾌﾞﾙ,24846,,殺虫剤,ｼﾞｸﾛﾛﾒｿﾞﾁｱｽﾞ,4E,,,,,,,,
ZMCPﾌｨｰﾙﾄﾞﾏｽﾄﾌﾛｱﾌﾞﾙ,24847,,殺虫剤,ｼﾞｸﾛﾛﾒｿﾞﾁｱｽﾞ,4E,,,,,,,,
ｸﾐｱｲﾌｨｰﾙﾄﾞﾏｽﾄﾌﾛｱﾌﾞﾙ,24848,,殺虫剤,ｼﾞｸﾛﾛﾒｿﾞﾁｱｽﾞ,4E,,,,,,,,
日農ﾌｨｰﾙﾄﾞﾏｽﾄﾌﾛｱﾌﾞﾙ,24849,,殺虫剤,ｼﾞｸﾛﾛﾒｿﾞﾁｱｽﾞ,4E,,,,,,,,
ﾁﾘﾊﾟｯｸ,24850,,殺虫剤,ﾁﾘｶﾌﾞﾘﾀﾞﾆ,「-（生）」,,,,,,,,
ﾀﾞﾆｵｰﾃ2ﾌﾛｱﾌﾞﾙ,24862,,殺虫剤,ｱｼﾉﾅﾋﾟﾙ,33,,,,,,,,
丸和ﾌﾟﾚﾊﾞｿﾝ粒剤MK,24865,,殺虫剤,ｸﾛﾗﾝﾄﾗﾆﾘﾌﾟﾛｰﾙ,28,,,,,,,,
ﾌﾟﾛｾｰﾊﾞｰﾌﾛｱﾌﾞﾙ,24895,,殺虫剤,ﾋﾟﾒﾄﾛｼﾞﾝ,9B,,,,,,,,
ﾌﾟﾚﾅﾑﾌﾛｱﾌﾞﾙ,24896,,殺虫剤,ﾋﾟﾒﾄﾛｼﾞﾝ,9B,,,,,,,,
ﾍﾞﾆｶWｴｱｿﾞｰﾙ,24900,,殺虫剤,ｼｸﾗﾆﾘﾌﾟﾛｰﾙ,28,ﾍﾟﾙﾒﾄﾘﾝ,3A,,,,,,
ｽｸﾐ斬V,24924,,殺虫剤,燐酸第二鉄,「-」,,,,,,,,
ｽｸﾐﾝﾍﾞｲﾄV,24925,,殺虫剤,燐酸第二鉄,「-」,,,,,,,,
ﾋﾒﾊﾅｴｰｽ,24932,,殺虫剤,ﾀｲﾘｸﾋﾒﾊﾅｶﾒﾑｼ,「-（生）」,,,,,,,,
ﾀﾞｲｱｼﾞﾉﾝMC,24937,,殺虫剤,ﾀﾞｲｱｼﾞﾉﾝ,1B,,,,,,,,
兼商ﾖｰﾊﾞﾙﾀｰﾎﾞﾌﾛｱﾌﾞﾙ,24944,,殺虫剤,ｽﾋﾟﾛﾃﾄﾗﾏﾄ,23,ﾃﾄﾗﾆﾘﾌﾟﾛｰﾙ,28,,,,,,
ﾖｰﾊﾞﾙﾀｰﾎﾞﾌﾛｱﾌﾞﾙ,24945,,殺虫剤,ｽﾋﾟﾛﾃﾄﾗﾏﾄ,23,ﾃﾄﾗﾆﾘﾌﾟﾛｰﾙ,28,,,,,,
ﾏｰﾍﾞﾗｽ,24952,,殺虫剤,ｸﾛﾗﾝﾄﾗﾆﾘﾌﾟﾛｰﾙ,28,ﾋﾞﾌｪﾝﾄﾘﾝ,3A,,,,,,
ﾊﾟﾀﾞﾝFT,24954,,殺虫剤,ｶﾙﾀｯﾌﾟ,14,,,,,,,,
ﾌｪﾆｯｸｽﾏｽﾄﾌﾛｱﾌﾞﾙ,24959,,殺虫剤,ｼﾞｸﾛﾛﾒｿﾞﾁｱｽﾞ,4E,ﾌﾙﾍﾞﾝｼﾞｱﾐﾄﾞ,28,,,,,,
ﾐﾔｺ･ﾜｰｶｰ,24962,,殺虫剤,ﾐﾔｺｶﾌﾞﾘﾀﾞﾆ,「-（生）」,,,,,,,,
ﾍﾞﾆｶﾅﾁｭﾗﾙﾍﾞｲﾄ,24964,,殺虫剤,BT(生菌),11A,,,,,,,,
ﾁﾘｶ･ﾜｰｶｰ2,24965,,殺虫剤,ﾁﾘｶﾌﾞﾘﾀﾞﾆ,「-（生）」,,,,,,,,
ｸﾞﾗﾃﾞｨｳｽ,24972,,殺虫剤,ﾌﾛﾒﾄｷﾝ,34,,,,,,,,